[2026-07-13 17:40:17] [/bin/sh]: I0713 17:40:17.734025      38 base_general_rank.go:131] [INFO]	requestId=716c00f1-6642-446c-94c0-f6bf4d6e7d75	module=general_rank	tag=rank_input	part=1/19	count=5442	item_ids=[574546722 574537888 574532123 573281767 574220479 572315225 574111848 574437363 574525225 574465704 571858335 572458875 572513447 574440464 574025029 574135689 574516746 574194743 574525579 574280770 573979250 574534484 574527309 574084487 574466179 574500980 574078402 574349268 571510246 574480172 572561056 574534134 574222922 573974936 574492810 574038559 574546689 574536872 574362336 570741805 574495567 574304233 574218305 574483359 574514170 574444526 571898661 574527666 19836910 574523780 571462689 574250008 574482131 574047106 574433578 574535339 574020914 574044035 574478530 574518668 574440932 571488394 573227523 559718063 574469047 574207912 574101566 574481859 574542957 574038552 574496784 572534145 574481731 559392075 572986772 574526469 574414652 574465807 571878799 574354230 573470827 574386269 574024914 574524695 574476618 574546457 574087960 574317871 572561267 574477613 574465656 574041981 574259302 574518727 574390406 571941272 573316610 570988233 574415221 574121207 574034835 574445133 574531314 574212770 574471383 570837377 574478560 574041761 571715564 574205197 574505142 574508834 572727041 574468873 573317985 574482776 574109221 573997144 574484556 574046978 574301911 574441794 573288492 574464000 574492297 574365219 574365087 574508181 574460998 571507465 574029776 573378501 574531640 574249841 573352936 574485121 574047831 574317105 574513826 574063692 574457562 574346770 574512425 573811225 574505818 573740718 571512989 574254751 572553770 574524011 574236541 574198141 574533430 574047877 574265531 574383236 574271488 574285186 565899083 574423544 574456184 574478390 574520405 571851386 574139005 570789989 574525535 573764321 572877231 574421565 574048398 574469019 574105934 570751618 574126497 574306821 574218678 574476722 574042218 574444681 573591496 574528153 557205318 574468658 573172331 574533372 574017668 574325239 574034919 574440014 571538580 19394563 574509685 573965336 574281734 574460446 574437641 572268292 574182539 572715326 574536003 574470443 573334730 573699530 574546660 574007118 571514442 570738345 574527686 574499679 573815600 572264705 574530208 574509570 572048410 574526647 571850835 574533206 574310288 573979522 574505082 574544178 574034179 574287457 574453523 574086429 559389616 574338503 574242652 574526505 574467704 572435887 571520892 572851576 574525947 574102138 574130477 574510435 574546453 572796185 574483339 574293771 572088440 573761928 574534743 574312211 574468167 574482642 574484404 574464408 572320596 574452898 570983731 574527950 572382022 574200004 574546466 574137239 574493407 573139548 573336340 572529980 571491202 573771403 573125680 574450413 572362488 574247276 570987272 574532650 574108346 574448575 574546474 574246735 574432094 574385728 574462800 573955364 574421857 574358494 574440173 574517145 572602180 574452804 573725687 574447506 574150274 574400500 574546518 574077786 574480374 574340592 574496090 573078967 573312682 574454681 574098576 574460368 573348867 574365917]
[2026-07-13 17:40:17] [/bin/sh]: I0713 17:40:17.734149      38 base_general_rank.go:131] [INFO]	requestId=716c00f1-6642-446c-94c0-f6bf4d6e7d75	module=general_rank	tag=rank_input	part=2/19	count=5442	item_ids=[572385042 574466025 574355262 571794092 574546620 574197217 574459971 571729381 574512820 574200255 574091843 572633021 574508547 574452967 572550007 574367717 19933282 574116479 574334406 574007031 554573393 574081377 574102142 572142382 574450339 571545131 573282088 558243313 574523123 573768196 574541629 574372743 574286474 573741532 574472369 574125170 574245612 574161910 574524812 572504435 574261547 574482180 570982023 574342353 574329314 574546723 574050204 574510779 574470531 574457043 574493644 574522523 574025053 574495898 574478958 573201387 574281179 571220828 574466826 572781296 574371748 574275045 573042705 573353644 573930987 564219362 574468074 574504212 574326537 574440015 571519509 572724352 571556576 574525932 574205487 574546550 574343979 574496575 574351744 574497357 574525437 574350090 572488010 574522873 574442119 571404959 571251704 573052849 574114062 572840000 574546526 574220683 18431721 571371253 574361742 574367387 574521631 574028454 573953790 574440754 572119794 574522996 555954762 574471876 574500866 574546459 574238260 574473568 574524976 573701585 572537572 574160085 574088397 573779324 574458570 571625376 574294957 573089296 565352169 573972843 574546446 574043467 555825235 574496680 574506311 574522855 574423220 573783964 574506133 574425604 572217105 574531420 572522679 574527726 574472505 574546242 574101484 572469599 572723849 574456391 574522694 574424434 573831783 574503747 574523412 574253349 574248684 573082710 574529800 574259853 574546261 574269591 574459830 574450111 574498116 573964592 574245686 574124541 574504576 574494734 572853943 573172258 573270749 574326136 573049191 574546349 574271563 574211218 571785109 574270171 574233670 574197742 574473784 574217432 574510758 571640993 574520421 572977572 574523624 574226362 574546263 574270765 574451738 572708797 19376570 574349047 574050747 574465190 574341589 574468980 571839803 574079803 572724102 571786712 574079198 574546274 574246931 574499009 570740619 574322139 569180830 574482785 574522409 573138495 574066700 573782802 574531626 572755510 574536797 572818586 574185535 574022950 574498033 574535868 574505359 574226892 574249565 574509740 574366527 574427540 572459449 572094066 570968797 574433556 574340874 574546304 574225032 574386651 571507296 574522102 572958769 572774094 574474071 574331256 574442921 573786392 573985045 570751421 20097133 574100784 574546520 574520461 574514594 573749486 574467662 572328574 572599245 574455321 574380543 572229182 572038738 574368241 572708387 574516289 574178474 574535788 574524181 574441522 573127060 573045592 574042031 574447423 574525589 574248595 574188465 572571508 572754855 570980650 574524542 574236949 574546297 574470256 574151422 572575335 573992446 574275225 573407294 574045925 574046317 574348988 573667876 572515258 19741461 574532730 574522941 574546663 574271248 574250367 574350078 574498750 574362779 574458910 574261599 574099459 574427329 572137385 574524275 571720479 574314802 574521174]
[2026-07-13 17:40:17] [/bin/sh]: I0713 17:40:17.734290      38 base_general_rank.go:131] [INFO]	requestId=716c00f1-6642-446c-94c0-f6bf4d6e7d75	module=general_rank	tag=rank_input	part=3/19	count=5442	item_ids=[574546186 574498813 559100147 573365820 573991371 574318011 574498088 574257286 574440817 574505221 572498912 574532299 573144379 574325688 574517278 574545774 572994413 573171498 574495421 574520578 565001065 574336029 573681564 574482055 573411829 574518752 571507155 574283977 572874947 574526195 574545791 574101545 574344183 572275333 573769006 569791104 574219539 574264210 574345952 574517044 572600472 572509911 573471407 574530693 574545886 574285615 574194713 573283343 574372499 574230470 574373020 574523507 574524904 574373503 571704838 574376198 573778065 574522782 574546016 573990273 574287796 572206976 574302582 574467897 574405872 574121887 571514179 574478415 572114046 572774906 573168666 574511776 574546183 574071728 574491073 572844135 574380488 574431004 574273657 574524057 572449170 574522184 571975762 574115873 573172672 574239935 574546056 574365845 574086894 574148287 574533425 574259716 574452402 574523037 574495980 574505530 572987617 574273807 573346410 18415689 574545643 572275659 574524546 573945465 574494550 574459036 574099185 574269215 571721028 574426655 571291150 574258126 571981245 574463962 573292094 574545496 573942893 574469119 572395649 574100215 574344952 574479458 574251125 574195088 574486260 572238257 574528216 19522208 574545392 572708055 574255553 573962198 574053060 574235228 574057688 574481856 574470171 574501919 572788369 574514192 558234471 574545333 574524706 574453045 574348879 574444310 574112671 574101441 574033385 574196044 574268630 571515659 574448249 557211048 574545431 572463841 573938619 571707684 574509993 574316602 574257703 574481887 574502839 574451962 572706625 565888870 570978344 574545518 574236909 574476054 572725466 574352012 574204777 574333810 574075308 573761192 574495811 573495171 557064722 561025665 574545540 572756723 574433816 571514470 574515543 574206019 574451259 574472575 574015170 574475874 571797150 574521170 558779309 574545545 573363942 574449112 573939780 572966908 574112161 572707794 574462773 574045381 574475004 572303496 574481902 19222754 574545713 573241195 574508031 19682908 574432887 573961350 574111667 574537159 574438251 574505682 572721797 19044953 573712260 574545390 574393564 574328678 574379651 574443698 574323717 574490640 574375433 574354173 574480413 572114168 574535532 20261933 574545296 574288396 574504634 570739427 574141144 574467412 574472425 574471620 574355594 574503205 572762569 574360816 570038804 572557519 574496732 574212574 571237464 574530234 574523877 574446976 574523895 572850580 574207454 571371299 574527213 20120299 574545142 574038089 573953596 573479788 574285675 572119754 574428908 574522760 574524005 574427096 572261297 572239772 571280867 574544971 574200702 571965210 573815358 574276573 573560509 574373713 574282312 573343909 574428425 572489096 574482432 556924557 573341171 572826300 574529262 570831913 574469808 574275485 574218886 571699464 574103510 574492106 572262289 19451309 571556415 573330455 573038949 559661066]
[2026-07-13 17:40:17] [/bin/sh]: I0713 17:40:17.734474      38 base_general_rank.go:131] [INFO]	requestId=716c00f1-6642-446c-94c0-f6bf4d6e7d75	module=general_rank	tag=rank_input	part=4/19	count=5442	item_ids=[574281586 574488105 574042189 574147221 574433321 573832967 574465639 573063757 574451011 572786599 574544715 574260624 574107523 572114261 574374066 571838862 574121540 574520342 574102168 574446051 571491041 574318576 574078229 574544257 574459532 574484604 574340205 574440637 573944924 574108484 574347420 574267979 574498606 572750886 574227438 574026997 574544788 574184960 574324412 574507518 574481938 557516523 574444044 574536285 574530004 574516931 574209830 574442662 574085692 574531907 573167124 574349565 572720355 574044880 574467841 573039238 574098446 574352043 574484369 572223578 572113573 573684710 574538980 574319373 574517158 571491470 574230514 567130088 574523927 574501795 574480937 574484343 571590132 574127855 574258542 574540346 572703769 574275765 574070340 574036840 574328072 574519772 574460443 574475528 574477128 572855167 556406363 558847180 574540390 573094997 574464390 20030991 574365382 565691442 574448899 574404707 574096765 574447313 573670402 564006535 573269779 574540948 574365599 574493092 573365577 574507421 574368252 574425619 573834952 572457328 574446494 572679659 569801383 572516968 574541359 574106813 573252557 570749357 573060452 18866820 574494264 574024694 574533543 574430724 572225857 574477408 572745578 574542362 572507923 573158624 554373763 574511051 574526129 574345699 574502823 574303140 574374602 572150310 573085082 566773216 574542512 573760015 574463034 572858246 574029305 573766902 574511458 574491376 574532813 574474151 572773367 571995508 20209687 574543093 574250038 574522488 571490652 574212473 574527130 574426351 574534191 574512694 573948198 572005694 560300496 572229064 574544139 574425141 574512292 574328522 574214103 574345516 574227630 574513103 574203847 574523167 572759147 574484145 565382534 574544358 574225744 574043072 572705606 574502379 574203226 574313658 574108785 574522846 574468379 573798705 573958289 19101174 574506838 574345035 574514463 571058799 574499233 574442975 573933062 574318818 574004830 574464700 573133263 574521724 574093235 574544031 573822524 574480610 571219536 574495891 18868616 571708739 574475386 571827624 572700428 573790612 569208605 574077384 574544483 574085103 574497772 574523742 574497099 574115306 572478345 574101351 571536580 574440378 574051538 574532719 573017499 574544207 572031985 574467583 571968171 574463611 574460204 574083544 574071058 574532273 574476573 571976304 574300387 572971104 574543925 574274733 574213542 574372091 574015661 574107421 574101730 574505534 574491869 574456816 572679223 556206152 574484140 574543935 574507078 574333808 571529898 574509639 572496632 572879954 574527673 572174973 574516631 571509682 574482612 574017955 574544095 572748546 573069793 571488941 574082001 574530093 574256548 574109495 573294299 574504152 572133040 20207216 19054423 574539652 574464556 574465114 571216449 574526465 574114100 574177324 574499560 573713585 574514739 572149973 574101375 19837205 574543219 574045449 574276894 573633194]
[2026-07-13 17:40:17] [/bin/sh]: I0713 17:40:17.734695      38 base_general_rank.go:131] [INFO]	requestId=716c00f1-6642-446c-94c0-f6bf4d6e7d75	module=general_rank	tag=rank_input	part=5/19	count=5442	item_ids=[574350747 574424272 574271821 574465037 574522369 574391812 574101559 570837581 556197448 574543281 574269908 574461854 558231505 574446179 574105447 574357220 574508073 574259266 574485706 572606646 574525271 574194324 574543470 574045826 569784656 573020778 574250271 572780876 574470382 574505257 574538131 574481343 572143788 574507667 561858609 574543472 574326031 574426714 571811646 574511621 574454185 574093700 574465792 573041214 572779621 574081544 574470389 572105862 574543540 574237104 574525585 574045612 574430377 574196202 573761190 574102683 574527114 574468114 572553175 574480817 574119389 574543404 574217846 574422017 572860964 574316484 574098181 574342213 574270889 574529954 574519970 573396359 574458945 572983458 574543775 574161931 574005302 19724380 571955791 574275926 574442362 574505281 573436324 574480505 574048247 19619184 573798697 574539005 574275135 574234109 574111707 574286725 574370197 574501536 574227514 574482975 574477638 573807491 574520594 573678627 574519829 573471369 574488319 574060842 574493664 573251885 574188437 574036268 574035157 574445416 572051065 574527783 573770753 574543289 573254222 574362029 571463357 572749758 574354529 574202831 574030416 574463514 574455586 573826226 574473700 574003617 574543231 574198434 573817059 574470919 572590459 574275294 574542868 557294057 574391140 572756351 574322162 573708134 574331773 574466261 574063003 574444490 572378101 574489901 574542942 557055630 574184775 19521921 572721621 574498150 574404872 573775369 574184202 571716861 573309233 574095385 574543028 574273066 574138605 574250025 574525204 573402023 572721269 574467207 572751560 573281272 573774489 574370541 574527868 570814126 574380214 573403739 573769285 574272601 574510481 574108226 574469146 574521753 574088794 574523988 574542241 564140833 573713419 574101270 574512020 574007357 572697619 573293341 574522583 574511916 573238372 574472542 574542323 572597739 574445832 556569792 574272837 574465801 574462730 574457713 574521264 574522326 574109718 574277923 574542574 559991971 574349161 572097263 574542453 574470386 574499056 570975282 574517947 574525690 574270522 574024386 574501992 574481294 574210103 574541790 574454176 574472551 573353522 574502228 574425063 571801082 574457508 574482702 574480701 572491412 574539371 574526923 574527454 572707342 574524633 574525371 571182843 574256893 574523064 574440114 571706240 574539149 574289837 574489362 572806671 574353455 574440892 574206826 574208299 573302440 574426270 573806500 574537379 19508934 573670745 574049233 574246624 574328299 574224411 574465684 574530272 574464253 574120942 574537103 561583089 560310904 573971532 574469590 574486196 571845399 574483247 574305436 574444660 571572271 574541625 555971036 574514693 574235336 574525683 574353194 573758182 574097456 574525557 574471567 572655273 574536844 557082274 574331028 571399785 574267530 574245251 574258859 574240897 574261859 574506616 572536297 574541946 574530231 573963261 574348787]
[2026-07-13 17:40:17] [/bin/sh]: I0713 17:40:17.734791      38 base_general_rank.go:131] [INFO]	requestId=716c00f1-6642-446c-94c0-f6bf4d6e7d75	module=general_rank	tag=rank_input	part=6/19	count=5442	item_ids=[574195388 574041126 573461449 574515842 574220201 574518065 572725131 574536587 561394547 573854965 574459423 570977367 574088743 574250063 574512848 574530783 574476314 572268738 574536319 574265850 574350022 574534993 574261483 572725802 574422683 574029012 574333318 574485309 574244769 574541734 574291052 574481606 572373371 574102821 574184607 574242050 574233996 574060543 573717966 574289586 574541745 574513323 574353034 574527482 574258424 574461487 574208519 573442348 572795839 574521809 574541899 573142509 574272307 574277290 574526758 574524834 574042454 574373407 573776636 574455453 574250319 574535302 574510946 574279977 574444987 572785277 574272575 574528490 574011892 573978547 574541779 574523307 574211615 571789401 574284309 574089547 574033331 574507098 571575637 572773716 574541802 567124162 574488431 574254675 574436443 569524268 574210011 573996711 573725912 573764588 574356114 574366633 574111103 572989065 571511660 572759351 573978767 574273666 573981023 571809732 574541291 574517360 574525228 574184975 574472627 574523191 574325187 574538297 571230916 573960507 574541352 567753956 574510181 572553706 574522712 574185115 574315327 574516472 571749806 574505513 574541525 558781879 574526367 574532457 574488998 574255738 571472449 574514828 572368228 573054354 574541553 574356563 574250111 574527784 574267749 572777617 574272081 574468575 572528439 574522517 574540063 574457627 574527812 574523006 574112086 574471122 573389750 574507509 572716160 574471503 574541035 574375971 574499873 558242827 574263803 574482681 573661326 574536874 572365763 574426980 574541137 574479241 574484730 574511579 573810425 566202283 574443436 574022763 572974991 574441284 574541057 570041800 574116152 573792295 573872805 574052236 574106701 574092772 572513253 574450250 574540764 571483978 574508274 574453963 574210584 572972981 573481433 574102515 571537983 574467694 574540455 560273350 554110010 574537119 574080511 573334500 574241607 574517539 573761937 574515191 574540485 574101903 573865749 574537446 574506613 573295971 574390029 574477832 572461659 574510749 574540487 574477487 574466814 574503066 574212521 574331865 573046461 574535765 573758811 574464769 574540511 574514686 574284123 573800318 574465488 574090519 572750598 574512541 574101540 574372684 574540833 571710422 574376443 573552065 574257465 574251789 574349793 574500772 572617590 574431752 574540871 574287961 574525001 573815854 574434153 574504868 574465464 574482277 574237972 574497625 574540896 567082652 574520739 571487927 574478280 574371919 574175116 574522848 572974867 574473138 574540922 562752625 573820425 574242469 573280455 573923120 574334694 574281277 573821237 574520158 574531705 574474743 574523177 573963730 574497785 574278972 574038077 574036160 571485731 574440254 574540960 563979331 574527766 571272119 574464593 574524945 571307236 574537666 571704520 574377872 574053812 571719356 574518330 574513588 572957423 574448929 574222860 574481532 574305333 574045602]
[2026-07-13 17:40:17] [/bin/sh]: I0713 17:40:17.734886      38 base_general_rank.go:131] [INFO]	requestId=716c00f1-6642-446c-94c0-f6bf4d6e7d75	module=general_rank	tag=rank_input	part=7/19	count=5442	item_ids=[574540216 567415342 574263701 571224400 574515919 574101244 572996508 574499584 573287305 574540302 555972551 574067000 574306737 574481961 574367213 574257031 574204851 572462257 574483710 18467837 574246997 574442695 574502159 574478141 574224793 572530867 572790176 571714184 567400227 573978048 20198836 574501230 571471933 574242605 572801665 572477390 574425277 574142209 574484312 572505359 574452439 574209369 574466636 574471967 572790311 574531307 572430190 574473101 574099153 574184480 572453237 574259275 574471459 572753093 574540332 574214509 574458592 573245658 574037203 574286463 574531891 571075559 574250470 574297423 574538629 19012721 573119525 571708789 574492438 574251406 574284335 574473982 574540137 574456049 572511584 572753210 574026177 574269327 573018234 574332921 574540092 572781371 572474936 574335643 574272824 572473112 573693030 574507428 574499620 572609054 572540038 574458334 574529517 572791614 574227929 574481229 574526977 567547734 573020987 574459235 574309399 574205654 572237551 574268930 574527530 19473014 574107286 574088277 574460494 561848506 574064876 574528170 574539834 574327906 573280658 571232728 574322449 574036167 574465851 573976792 574541326 574333603 573673487 574225043 573826074 574087592 574271365 574266041 574539985 574110756 573635717 574022652 574524298 559678125 573820672 574508441 573813845 574190689 574085526 574503359 574516858 574471313 574020690 574260521 574332037 20231960 573966525 573812168 574331008 574219668 573760544 574537126 574539823 574358249 572979326 574094676 574462392 573959338 574468997 573753513 573821676 574530787 572291775 571222935 574532322 574492976 574220633 574506499 574120266 572814177 574537236 574005086 574056947 574236322 574539397 574344601 573755762 574190679 572327713 574470369 574468619 574539489 554380105 574104291 574284926 574099924 574265432 574112416 574539556 574462521 572365929 574366813 574519468 573802346 574278527 574539612 574530837 573979909 573341082 574474577 574457853 574257212 574498515 20209485 574248746 571572106 574475011 574526992 574268729 574539557 574307210 573061503 574224469 574495267 572358241 572819079 574539445 574185283 571919604 573402887 573984168 574100130 574197919 574538983 574221698 572372285 574526266 573167870 572718336 574506222 574539310 558051693 573066100 574522467 574505706 574365713 573702560 574539218 574387467 573126060 572722843 574509160 574202253 574102859 574498377 574527699 573975535 572466266 574115303 571227297 573807611 574497596 574513745 573129084 574262913 574518936 574101742 574274978 574538785 559378815 574220249 573782616 574227803 571558584 574374988 574538804 574036733 572326066 572055390 574034596 574363183 574073383 574538973 574536326 572285817 574476765 574262865 574314860 574102599 574539119 574523004 573250274 573158615 574458010 574444174 574294289 574538591 574320790 571725677 574104146 574000762 574296577 573024719 574346277 574330796 574112355 573295992 574524357 572105044 574510451]
[2026-07-13 17:40:17] [/bin/sh]: I0713 17:40:17.735122      38 base_general_rank.go:131] [INFO]	requestId=716c00f1-6642-446c-94c0-f6bf4d6e7d75	module=general_rank	tag=rank_input	part=8/19	count=5442	item_ids=[574538236 564796080 571527955 571967554 574076032 574467559 574526104 574488342 572585429 574508470 574467640 574528029 574535807 574318123 571600702 574148386 574261933 574263904 574536540 574111130 572957314 558246701 574514269 574340482 574536760 562475672 572560901 574506097 572847980 574463197 574536837 574504507 573968506 574082610 574478606 573871446 574538233 567171491 573762137 574525491 574531793 570985244 574538254 574443518 572573832 18998237 574109948 573059840 574538505 569760172 571453589 572057960 574366348 573081034 574538528 574483080 573169017 574498401 574124241 574220253 574538594 574460566 574114584 574218903 574439822 574260947 574538736 574343247 572748375 574468024 574026561 574479247 574474124 574368093 574139192 572977935 574242014 574041478 574538493 19156722 572770043 574101237 574260322 574261917 573135826 574456513 574119388 574243766 574075933 574510679 574531512 574103011 574314431 574335256 574215390 574084484 573283901 572474924 571572987 574468991 574248930 574457255 571576667 574109824 574536889 574214666 567455893 571521619 574007566 574530128 564222985 574027377 573457763 574058349 574271232 574504214 571791041 572239558 573972753 574467961 574038042 563656138 572808973 574218388 574302814 574481756 561357823 574008414 556180422 574118236 574119551 574258259 574186406 20226065 574526539 574488219 574530984 574012808 574326523 574471124 574038809 574484163 573657755 574264995 565991309 574248931 572893374 571966631 574160436 572354863 572755475 558241435 574468969 568109724 571829511 574520861 574376688 554190849 571725866 571556373 574537053 574527685 572604046 572708110 574198852 574531310 571279061 572706629 574471202 574368465 573017022 572540240 574516404 574120117 572472587 572851936 574525223 559756896 572214525 571557952 574197584 572720444 572841316 574086986 573767270 554377813 574201408 574533962 574509416 574273129 572522371 574535331 571250003 574274607 571558477 574390111 574473237 565993958 574231368 572981789 574432727 574527747 573777179 572605272 572970485 574128501 574238381 574335053 574119598 574352858 574218775 574348409 574249709 574118796 573896813 574275433 573356196 574532670 573969410 574272440 574244908 574042403 572751971 574248547 573267405 574524139 574281197 572968536 574100900 574508404 573805957 571234751 571400820 574494970 572008876 574100546 574502027 568123107 572268592 554155725 574313577 574475402 573700067 573682062 573127241 565639299 574227058 572457347 565002348 574512700 571793137 574213783 574309393 574118768 573128844 574484635 574457924 564774172 572831157 574528287 573375914 574280690 573462585 574509649 574464743 574501477 572259369 571555080 574334515 573349321 573248928 573718210 574515904 574265693 574071252 573719160 573713119 574353397 574071918 574349503 573959595 574047726 571269557 574466581 569250825 574219145 572987665 574046588 574471040 560809828 572465843 572635174 574345203 574337464 573767628 574517277 574134279 554179732 573973562 570826675]
[2026-07-13 17:40:17] [/bin/sh]: I0713 17:40:17.735307      38 base_general_rank.go:131] [INFO]	requestId=716c00f1-6642-446c-94c0-f6bf4d6e7d75	module=general_rank	tag=rank_input	part=9/19	count=5442	item_ids=[574313296 574305058 574112741 572595344 572565691 565662072 573725987 571715462 574353932 574096620 574108498 572507373 574228176 559926615 573993061 19716071 572986991 574366195 571971374 572794948 574032768 574519480 573429474 574088402 573123015 574378916 572725231 574390799 574257588 574261679 573744637 574219295 573561671 556860543 572520231 571612616 574375710 574368180 574208515 574525628 19445301 574452828 572987505 574373186 572491673 574433201 573979456 571810561 571864146 574125300 571557958 572560634 574495849 574006312 572612857 571536097 565005937 574529824 573978462 554725792 572465727 572494794 572749704 572135945 574327155 573027613 573140032 572710795 574305036 572756622 574248969 572723803 573471365 574526296 573775452 574449493 569451150 573030084 573356049 19915870 574462822 573998377 571931091 573715176 574436884 574400629 572775482 574459141 574537920 574483707 572748853 573708267 571873619 574107634 574471648 573799164 574453097 574507095 572742758 574359120 574148539 573652872 574109591 571930206 571483232 574523051 574227507 571526284 574046724 571628730 571511873 573056904 572585645 571837496 572463672 572196335 572607148 572600666 572475178 573020065 574330618 574104528 573359832 572713247 570744508 573664959 574367725 572605088 574108199 572710307 574474797 573826076 574047689 574119929 573978305 574087500 574472281 572271353 572507695 574255996 572851802 573943106 574470089 574264330 574511183 574321066 574090305 574274759 574274793 574131233 574483434 574307285 572483246 573966586 571571971 572786346 573716423 19522280 573965258 574081411 574376990 572775913 573688460 557292926 573807616 574372349 574498589 574113021 574374533 572859546 574059415 574526991 569460581 574206026 574269938 574520668 573816014 572969937 572602092 572235063 574528886 572182002 574126596 574223425 574075555 573810614 574026709 574525582 572512570 574275285 569757883 573381176 572270248 573977882 573740696 574532434 573761701 572575893 572062131 563609469 574212610 574329645 573446631 573741204 19740607 574374033 573799486 572066381 554728744 573713947 571725831 574440495 573290240 574494588 574527195 574218460 574525912 574025037 572057526 574328016 574111925 571371850 574240019 560227490 574274597 574358881 574081535 573454889 563646177 574268138 572788587 573355907 574443200 573280726 572587555 555079118 574113878 573273506 20088720 571779911 574037860 574534363 574256843 574247557 574218096 572751755 574112732 574197761 574251987 572619900 574091973 574267613 574325219 572457748 573753654 574059090 574260276 573259774 574232863 574494320 574017253 574084130 574036024 574191742 574038818 574042789 574248057 574471222 20287551 572271127 569527702 574030789 573957443 574318977 571521393 573200957 574482177 569783066 573062070 574228897 571379581 572029899 572464823 574351035 572743430 574082062 19876026 572565144 574523665 574013153 572793639 574444822 574197035 574190717 574343250 574056471 574247288 571225749 574327352 573434088]
[2026-07-13 17:40:17] [/bin/sh]: I0713 17:40:17.735404      38 base_general_rank.go:131] [INFO]	requestId=716c00f1-6642-446c-94c0-f6bf4d6e7d75	module=general_rank	tag=rank_input	part=10/19	count=5442	item_ids=[574525576 572568823 573757526 574482860 572854427 574103515 574533445 574039893 573402817 574472765 574006215 574035866 574460128 571229601 574304356 573317025 574483460 574023491 574211583 574229888 573706012 571641083 573764050 573808258 574460440 562490033 574082106 574117216 574122455 572874186 574505903 574529264 573680438 574465887 574032481 573268087 574505827 572267287 573394652 574343977 573676758 573798109 574107873 572964502 574075862 574256808 574045810 573298175 574502750 574518788 574138009 574463453 19910957 573769855 556187961 574024276 574077073 574354305 574522353 573818856 574508851 571718919 574213133 572729136 572475733 573824214 573353039 574105812 574027228 574210183 572931281 573988260 574351255 573796486 573110457 574042191 574303749 572357642 566152422 571881078 574083154 574055276 571270958 573728416 572726821 574191338 574190832 572808055 574532158 574089650 574527144 571243128 572504483 574257243 574252299 574111866 574464244 573975228 573806760 574057086 574467468 572719007 574519728 574487186 574211292 574475352 574528076 574251496 574483586 574348249 574163548 574223993 574514829 572220549 571012143 570389559 574220844 574456709 573776254 574278078 572479122 573126961 572997869 574333843 574330469 573077671 572223525 574263805 573745421 572462574 574046755 574103345 574258926 574216395 573965094 574498774 573064468 573347802 572461168 573410419 574087850 574344506 571809231 573374108 574354475 573294171 574105983 573176369 555966668 572638550 573113371 571761252 573979791 574526052 574490434 574130259 555992170 572778731 572572703 572982894 572603778 572983569 571240282 573974154 574176242 574502456 573347709 574249584 572532164 574207170 573344725 574537246 572671557 574426246 572518295 573462150 574311655 571843929 574011686 574336671 574275786 571036459 572577788 572278345 573971571 572795826 572752989 574049030 572975092 565010596 573813167 569996250 573833506 558055306 572221543 574471436 572785816 570981547 573768154 573402498 574089029 571710934 573784297 571733455 572051407 574196245 572377896 572679871 572793201 573848647 574224520 573120029 574241789 574119906 573964212 574061634 574026691 573714507 572727368 574241124 572988947 572742512 571710030 573135255 573377048 574219949 573648185 574143771 574305488 573464289 574252957 572707947 574102338 574222210 573925626 574011716 573989710 574108121 574357143 571477029 574211781 574228089 573807944 574220694 573870306 574215912 573760488 574089913 574367803 574101780 574121243 574254133 572496444 572254227 574184525 572980508 572306955 574252431 572767703 572533922 574085240 574230515 572718461 572337261 574113230 574205980 574254848 574382934 574095071 574240102 574141714 574331938 574259915 574074739 571954902 572787474 571715230 573979886 572479817 574259801 574255032 574106081 572818444 573098204 574190956 572568105 574226188 574214465 573785018 571536474 572861446 573712262 574424105 573132192 573836087 573300857 572721534 574116795 574328825 573309109]
[2026-07-13 17:40:17] [/bin/sh]: I0713 17:40:17.735494      38 base_general_rank.go:131] [INFO]	requestId=716c00f1-6642-446c-94c0-f6bf4d6e7d75	module=general_rank	tag=rank_input	part=11/19	count=5442	item_ids=[572489040 573750785 573464022 574111351 573646770 574257907 572533208 572511847 574246322 574113436 572266327 572458913 574211347 572992910 574099366 574036890 573808645 574218492 574075378 573948856 573768800 573481528 574211275 573450866 572993447 574259772 574219417 574271781 574118993 574077537 574288635 574114146 572754902 573019141 574240734 574339688 574201081 573990795 572713308 573982419 574265183 574203289 572275760 573808328 572500690 574027393 574213271 573466610 573974404 573785273 574106670 574363431 573154483 574314605 574185157 574089589 573975769 574244271 572777214 574097808 574020653 574119572 573728644 573766051 573755258 572508993 573808289 574052571 572760867 572786291 574361343 573973297 574120824 574205571 574265973 574035492 574102728 574267707 574138712 574118317 573096503 573683645 573928925 574090097 574249746 574249798 573964523 574086434 574327619 574127124 573341002 574130263 574136923 574247139 574101366 573806429 574116896 574024717 574091791 573959632 574089559 572281378 574191034 573821793 574264582 573688137 574076777 572959348 573740994 572977698 574389893 574103044 574140666 574108602 573083031 574266849 573440369 574051851 574267899 572679998 574258162 574137399 574326075 573806288 574268825 573030095 574266825 574275332 571809058 573111764 574102472 573994416 574218058 574146987 572755978 574257632 573725133 573695619 574020687 574053003 573756455 572788526 574120453 573808982 574353211 572764702 574116736 574016603 573777104 574248534 574250313 573746615 574209842 574351334 572835291 574328683 574102189 572779642 572295616 574255270 574089945 574256455 574019176 574134309 574358350 572784562 573751731 573473273 572762662 573792976 573597133 574182924 573915518 574074980 574265961 574220247 574263428 574162733 574055543 573980023 574228166 574103686 573450071 573051593 573939840 573290380 574456585 574100747 573884305 574002086 573930548 574327515 574255679 573516550 572751869 573750346 574317986 572297348 574317920 574249350 573955416 573818837 573806253 574249067 574222289 573784975 573271222 574232904 574118089 574207953 574197303 572471909 571767141 574295023 574338697 574185136 574457622 574234352 574265174 574204853 574079860 574275956 574210580 574246684 572274528 574145524 572994745 574107111 573272309 574348800 574218387 574103492 574272377 572481185 574249805 574217963 574465544 574196431 572569331 572751015 574275588 574205779 574013653 574192417 574080876 574233212 573231532 574053526 573345029 574340222 574442500 573968730 572691656 573871080 574249819 574117299 574266553 574234829 574112184 573765017 573247415 574064315 573953722 574461164 573662128 574347959 574364826 574306416 574191797 574219500 574318644 574293835 574067009 574102433 572669352 574259209 574333034 574263138 574119815 574023709 574368496 574348724 572752802 573432146 574261633 574420906 573970653 574331843 573358722 574353969 572035816 574082800 574247995 574345543 572977284 573973687 574274243 574337638 574289006 574178575]
[2026-07-13 17:40:17] [/bin/sh]: I0713 17:40:17.735781      38 base_general_rank.go:131] [INFO]	requestId=716c00f1-6642-446c-94c0-f6bf4d6e7d75	module=general_rank	tag=rank_input	part=12/19	count=5442	item_ids=[573017275 574006697 574262536 574250067 574256658 574259825 574112204 574191494 574265670 574348282 573031384 574334584 574349430 574086848 574210391 574274732 574211076 574131133 574237015 574256078 574346608 572772779 572526103 572990261 574254379 574362758 574102631 574228209 574253480 573410420 574118861 574183876 574348711 574049106 574091996 574207006 574240417 573837134 574261361 574376746 573286213 572758614 573301218 574031491 574191806 574212543 574102687 574266505 574331112 574041566 574092403 574252686 574335293 573875594 574257596 574340817 574191251 574246676 574466112 574005113 574115865 574119132 573431984 574119662 574064775 573963393 574092459 574289730 573961088 574093859 574226736 573362737 573764564 572593650 574089535 574186830 574274742 574389609 574216975 574265500 574350727 574465599 573038739 573941947 574119696 574199708 574034570 574122098 573428721 574089070 572776964 574089396 574218414 574082397 574091548 572725252 574342884 574342462 574189793 574298370 574224923 574296551 574360791 574361639 574246909 574440454 571809419 573451553 574254476 574335252 573816462 574161440 574197586 573393788 574264086 574477150 574301185 573799226 574227977 574253560 574249939 574336036 572791820 574287531 573472504 574111839 574271574 574333719 573319351 574217043 574290960 572481043 574088930 574347032 574256983 574041715 574191763 574193820 574221180 574431660 574248773 574088948 574265379 573624281 573656979 573928827 574278549 574366760 574432486 574328281 574265721 574204625 573788539 573770294 574241276 574309369 573425534 574246674 574228004 574111958 574219449 574058798 574441309 574268039 574210775 574101063 573172380 574106123 574470934 574181559 574113094 574248279 574220732 573711088 574441343 574203141 572500461 574347435 574100321 574115191 574112683 574338126 574249822 574275932 574262647 574063384 574212747 574238962 572562776 574127037 574094112 573080020 574057160 573430082 573948855 573782424 574303370 574383497 574232375 574328523 574250445 574249679 574249379 574329313 574206606 574110995 574348806 574345643 574264838 574255747 573027530 574460311 574227195 574074327 573360450 574468147 574141715 574242695 573962911 573802510 574134755 574342913 574369588 574128835 574283466 574324694 573960615 574080615 574251945 572785212 574015444 574032890 572716208 572581748 574356796 574371548 574105511 574257272 574083191 574114193 574135339 574147304 574212582 573775044 573954593 574443795 574281433 574238847 574255731 574089450 574108204 574269683 574111577 574111553 574102334 574217287 574331580 573817106 574088839 574256761 574087566 574351439 574133084 574199272 574234572 574215296 574361524 574080864 574286545 574299134 574346472 573745997 574333548 574277070 573795002 574268185 574160834 574381367 574259350 574514017 574095151 574217066 574052818 573361552 572522404 574227754 574056597 574256824 574202632 572983545 573696619 574359431 574223090 574249651 574289504 574308554 574309364 574096484 574376204 573835579]
[2026-07-13 17:40:17] [/bin/sh]: I0713 17:40:17.735860      38 base_general_rank.go:131] [INFO]	requestId=716c00f1-6642-446c-94c0-f6bf4d6e7d75	module=general_rank	tag=rank_input	part=13/19	count=5442	item_ids=[574356301 574264804 574387070 573940760 573779987 574112325 574271121 574466966 574229259 574399834 574083557 574117234 574445496 574504477 573238693 573032516 574365182 574363016 574377289 574103287 573707259 574000992 574471845 574268704 574238758 574108627 574096282 574095100 574242889 574231922 574358989 574107308 574089567 572509423 574043709 574271293 574121716 573563559 574105292 574121449 574265182 574332064 573361997 574049877 574079534 573940670 574265131 574334981 574256926 574481520 574110184 574110967 574448093 574455352 574467698 574185180 574279953 574362096 574083222 574118808 573941096 574057344 574345104 574440437 574101186 573270890 574248025 574363639 574348977 574381253 574265345 574463164 574266495 572781949 574339126 574347952 574087983 574316240 574111278 574367287 574481773 574223605 574316661 574065438 574469979 574246347 574367653 574249794 574364570 574328100 574265105 574219242 574118460 574227242 574259431 572178221 572720802 574191778 574204678 574344740 574080377 574112771 574212361 574213647 574263221 574279072 574114409 574012756 574179429 574220191 574221349 574277115 574349731 574185371 574208187 574365176 574274621 574266449 573681641 574399501 574192717 574312852 574251630 574282764 574282369 574346235 574041968 574219543 573807774 574112265 574274612 574366008 574195478 574184204 574198598 574355697 574524697 574253387 574108630 574274507 574191984 574225366 574260785 574366418 574276876 574359951 574247238 574478173 574254354 574240974 574200933 574086562 574205864 574351452 574334064 574055195 574090809 574220074 574228409 574122329 574331270 574065695 574196507 574211571 574134690 574379826 574070259 574315737 574364979 574365133 573782401 574318017 573760819 574312385 574224948 574365850 574205010 574333691 573372801 574356882 574466274 573933735 574111702 574250028 574082711 574097067 574211545 573805780 574185311 574250661 574363043 574108367 574342113 574438770 574451382 574212274 574327787 574472385 574069112 574102256 574149342 573340913 574168565 574282517 574283168 574284485 574347823 573396469 573782051 574353164 574257883 574221668 574300186 574280693 574122412 574282845 573760884 574022845 574202769 574257529 574439994 574120894 574094951 574204977 574274648 574337506 574369357 574081045 574466938 574379903 574364879 573677066 574042815 574271988 574111725 574131461 574317934 574366644 574260015 574517493 572508248 574007301 574089990 574218323 574325649 574362498 574245941 574266219 573698959 573055846 574348766 574479137 574270471 574210926 574272329 574103654 574221419 574302926 574163342 574195027 574262295 574279319 574424751 574021230 574133518 574345321 574377253 574265933 574463531 574369253 573972605 572509661 574317706 574341245 574250970 574332857 573282804 573996682 574108492 574323680 574367426 574242080 574255173 574078805 574187267 574201329 574204806 574346922 574436784 574129740 574195557 574344042 574361186 574199121 574248563 574295371 574327885 574355645 574456578 574290892]
[2026-07-13 17:40:17] [/bin/sh]: I0713 17:40:17.736010      38 base_general_rank.go:131] [INFO]	requestId=716c00f1-6642-446c-94c0-f6bf4d6e7d75	module=general_rank	tag=rank_input	part=14/19	count=5442	item_ids=[574057654 574088015 574190209 574218382 574043476 574275000 574356470 574438189 573719081 574016058 574097764 574122282 574254898 574276622 574112942 574179598 574260605 574418764 574440333 574263461 574091951 573493500 574191152 574261301 572751795 573996836 574256556 574318955 574349444 574366115 574209494 574425034 572733244 574061099 574211067 574468649 574481637 574091722 574184978 574257972 574315004 574334254 574350822 574465139 574507416 574463749 574210697 573381157 574440249 574420329 574228022 574111175 574095427 574025784 574433193 574270054 574251182 573756632 573721654 574367590 574217240 574089214 574052220 574400656 574267362 573276545 572982748 574211684 574237306 574286434 572688058 574212769 574507245 574102675 574217450 574246024 574458980 574516683 574380083 572754034 574120958 574145289 574249701 574279099 573771709 574042659 574317473 574368247 574170442 574204932 574275280 574275445 574309482 574375791 574247694 574460647 573933507 574285929 574479891 574300252 574357444 574244118 574124002 574115722 574276997 574364949 574367128 573806448 574219025 574253130 574274958 574287956 574323109 573784420 574113703 574121885 574304692 574337919 574347869 574349864 574295860 574282464 574216439 573875673 574097877 574107070 574368756 574083356 574220009 574274353 574079993 574483264 574119761 574120708 574205696 574209905 574350140 574407618 574482583 574260815 574279563 574327768 574150531 574216064 574525624 574315975 574100494 572533469 573846261 574211197 574320737 574355418 574358849 574103101 574208354 574345111 573948458 574107390 574205881 574255903 574318706 574342479 574239702 574444880 574347818 574085722 574330078 574313776 574215505 574116903 574101451 572475428 574523077 574454837 574261442 574227847 574212743 574211215 574048695 574048202 574353751 574289876 574259163 574252567 574120469 573934563 573734876 574317292 574325294 574374866 574378175 572781133 574057516 574111646 574277478 574359034 574273559 574041933 574338036 574387638 573671267 574111678 574115696 574214873 574265937 574267142 574376312 574326076 574361278 574372834 573774339 574251939 574319213 574125676 574191849 574208665 574472035 574056487 574205237 574275754 574267434 574268080 574281479 574474049 574484575 574165179 574477441 574105748 573948071 574110903 572845491 573776110 574250039 574460200 574259566 574272725 574289278 574281697 574058312 574116094 574203054 574253804 574268992 574282308 574302666 574360271 574282554 574276106 574533670 573943631 574106181 574156420 572505857 574204402 574240744 574314700 574355956 574261753 574278131 574462128 574248536 574525380 574523158 573825062 574357907 572743937 574256853 574257477 574496172 574463336 574524690 574282271 574216110 574331557 574458050 574230445 574210526 574451801 574174955 574448022 574369039 574333929 574333029 574087745 574224252 574256289 573993985 574115634 574122078 574114470 573984673 574227212 574288878 574331811 574429027 574112382 574267021 574316899 574319936 574349399]
[2026-07-13 17:40:17] [/bin/sh]: I0713 17:40:17.736178      38 base_general_rank.go:131] [INFO]	requestId=716c00f1-6642-446c-94c0-f6bf4d6e7d75	module=general_rank	tag=rank_input	part=15/19	count=5442	item_ids=[574364297 572501191 574341986 574470030 574471475 574481831 574523311 574192201 574243198 574320794 574279553 574425643 573295785 574052858 574345935 574126099 574527801 574321260 573760230 574160414 574249829 574265257 574364565 574365347 574114334 574115457 574266209 574366824 574276203 574319091 574341607 574177729 574355857 574463689 574514117 574533255 573784839 574092032 574135155 574242256 574271816 574273765 574277932 574318764 572788557 574197638 574327579 574358878 574525685 574267207 574462013 574527743 573840772 574104029 574348694 574361157 574369190 572107962 573978889 574317201 574366944 574080039 574220758 574318563 574332374 574333882 574358936 574377093 574465709 574468416 574204296 574210476 574225938 574252929 574276721 574360329 574376465 574454762 574474546 574482018 574216606 574029326 574457808 574321746 574218779 574205823 574360078 573999286 573948232 574275972 574212569 574104439 574047644 573960683 574360438 574386126 574072745 574074165 574255065 574326280 574259861 574271720 574513339 573774613 574100080 574252384 574258646 574271744 574272827 574279943 574360897 574367221 574162591 574377499 574425554 574500710 574315998 574082555 574285957 574089162 574228890 574243348 574248919 574366714 574367972 574073378 574109461 574113968 574196686 574318326 574345644 574368890 574005527 574025483 574058052 574080115 574463055 574351704 574044943 574468525 574518190 574053186 574106636 574340743 574349563 574356603 574031277 574456888 574458102 574507014 574103246 574216731 574329085 574459313 574460912 574525972 574462768 574114250 574204619 574114647 574256174 573805997 574090698 574106773 574214486 574259725 574276342 574183542 574249615 574257423 574284632 574415395 574092809 574257805 574456112 574481317 574482267 574500531 574110838 574199110 574211004 574327642 574366933 574440837 574471618 574490820 574215634 574230908 574493578 574519845 574527818 574528040 574516616 574377290 573974950 574048461 574433554 574305110 574360728 574369098 574004373 574202906 574274800 574457300 574224672 574302378 574440373 574451812 574252480 574253861 574257482 574274041 574102086 574476774 574249222 574250215 574265728 574345045 574363749 574207680 572752294 574340433 574441078 574467936 574048096 574469392 574481134 574523626 574207709 574342997 574214574 574265485 574463422 574478673 574528345 574267554 574435580 574356197 574219467 574173325 573808858 574340735 574261345 574171566 573808049 573718630 573768538 573961538 574241690 574248722 574334148 574357294 574361570 574367004 574368892 574093767 574207291 574102776 574115776 574220973 574234225 574264562 574274728 574376884 574191536 574210854 574102559 574236417 574245282 574264750 574346545 574327011 574359188 574481077 574115080 574118513 574282757 574493568 574267279 574457331 574313270 574331524 574359307 574365070 574440678 574450580 574173073 574198287 574218807 574318536 574327653 574328894 574333353 574339598 574218334 574265566 574460060 574465034 574256552 574471143]
[2026-07-13 17:40:17] [/bin/sh]: I0713 17:40:17.736266      38 base_general_rank.go:131] [INFO]	requestId=716c00f1-6642-446c-94c0-f6bf4d6e7d75	module=general_rank	tag=rank_input	part=16/19	count=5442	item_ids=[574083062 574276640 574328134 574358179 574327562 574440181 574442256 574448532 574523594 574083221 574086709 574248596 574249390 574073557 574112540 574203259 573992803 574338831 574252791 574038947 574208409 574257874 574319106 574335911 574352431 574368159 574249637 574250049 574358633 574366083 574461331 574464966 572793159 574190830 574339247 574485001 574058744 574221962 574243937 574081270 574469116 574511046 574525434 574281070 574330193 574446617 574479337 574191257 573806176 574113410 574198732 574237592 574252024 574358708 574131488 574258092 574467229 574467521 574468706 574469298 574080064 574471594 574481379 574483117 574499030 574502966 574140898 574220316 574331355 574334977 574346136 574080607 574260716 574294977 574367677 574525290 574328961 574442910 574504976 574506342 574524662 574525524 574331870 574512263 574527823 574528200 574209177 574233681 574218999 574154003 574316835 574223945 574116548 574043578 574527762 574520219 574445330 574102424 574489794 574468857 574367792 574322529 574304464 574275542 574265398 574251779 574219102 574195925 574516851 574515758 574470496 574456300 574453340 574468325 574449601 574329615 574262955 574198779 574365896 574353279 574345167 574273171 574263728 574236808 574220649 574316866 574483720 574464410 574456581 574537550 574169892 574529030 574191788 574100541 574336329 574345609 574366065 574243140 574363235 574451623 574318581 574246881 574205499 574512348 574259908 574243310 573978004 574267104 574437730 574011321 574325184 574362961 574104284 574211045 574219136 573863419 574250323 574328862 574447613 574234682 574354637 574275258 574203456 574511279 574478829 574478476 574228276 574346438 574193165 573319552 574276582 574265251 574451964 574454378 574470306 574531066 574531214 574112484 574442605 574136981 574219693 574225471 574279149 574326224 574081678 574260474 574342343 574369369 574523797 574262672 574263542 574180239 574473565 574528400 574512264 574511504 574447046 574331740 574249569 574524897 574508231 574475560 574444052 574265236 574459558 574366025 574347974 574228570 574364971 574229701 574222338 572706765 573654356 574091011 574211798 574199791 574531617 574507174 574468765 574257688 574242045 574478563 574245969 574314398 574376566 574435167 574447903 574256889 574280538 574341035 574250688 574482390 574304080 574323956 574346370 574188894 574085994 574123456 574230252 574527573 574512800 574493863 574480139 574135135 574098531 574500735 573979413 574113866 574465331 574440461 574335378 574216215 574111908 574472797 574337664 574370535 574284902 574263344 573376999 574185192 574136389 574120386 574465720 574355577 574288283 574256804 574364612 574527285 574312927 574524461 574499969 574495581 574491280 574476347 574468690 574454783 574260538 574331314 574270855 574256989 574331152 574254583 574254061 574249287 574241521 574522600 574498125 574482184 574507553 574275900 574255001 574212069 573729980 574435926 574431506 574332480 574319741 574289855 574266094 574260387]
[2026-07-13 17:40:17] [/bin/sh]: I0713 17:40:17.736410      38 base_general_rank.go:131] [INFO]	requestId=716c00f1-6642-446c-94c0-f6bf4d6e7d75	module=general_rank	tag=rank_input	part=17/19	count=5442	item_ids=[574091968 574343179 574268569 574464198 574339645 574337607 574420274 574457006 574204722 574219382 574242017 574256437 574449731 574319323 574325012 574366985 574435782 574448836 574257966 574454702 574493416 574469737 574498586 574504148 574511542 574513409 574100205 574290712 574528909 574245903 574326975 574327201 574442038 574476215 574536937 574204286 574478773 574485138 574257361 574305195 574446907 574469236 574059459 574092664 574191096 574241260 574256949 574271498 574331016 574332866 574482223 572543857 574087450 574479603 574018061 574459138 574524162 574524016 574488568 574466044 574464890 574256440 574210630 574206937 574532722 574498051 574252435 574263574 574285600 574361671 574400491 574472582 574481449 574524232 574091385 574147176 574185178 574208740 574238270 574351624 574075121 574226001 574229636 574242980 574246860 574251284 574393489 574258678 574366969 574418518 574463507 574465110 574065154 574386189 574388033 574480039 574481916 574493485 574508469 574131078 574247254 574256246 574342986 574520605 574327711 574419228 574469775 574479109 574523817 574182269 574502937 574525011 574512157 574525129 573790229 574251868 574098471 574212270 574216374 574293114 574321852 574440157 574465968 574062792 574110009 574110690 574113976 574120009 574174775 574208038 574211201 574255730 574280413 574318969 574334363 574344520 574467487 574063197 574217062 574269899 574317935 574321369 574458624 574476192 574464928 574501180 574501354 574532749 574097936 574240419 574367599 574460830 574492412 574498525 574099839 573987771 574056087 574216220 574250175 574528031 574524101 574477938 574176876 574185162 574194031 574199229 574216249 574224913 574290258 573480098 574077389 574109121 574113260 574184218 574212201 574221406 574222831 574244743 574247798 574253744 574259694 574267394 574299291 574318494 574467395 574483204 574265775 574341828 574448778 574471397 574037153 574525891 574524903 574469272 574472272 574480920 574482084 574484256 574515487 574517550 574068555 574086581 574102369 574183653 574214652 574302768 574316935 574331145 574340252 574359197 574506603 574424859 574461188 574479682 574486710 574495852 574502942 574508801 574520871 574461305 574519989 574478724 574051947 574201466 574201580 574223461 574225688 574228564 574255559 574073719 574137569 574241407 574256449 574267375 574274192 574353653 574435096 574475852 574097292 574212772 574232071 574244666 574245077 574255797 574261980 574328204 574337619 574442258 574458817 574466453 574484517 574531083 574469678 574480142 574503393 574514504 574533904 574111329 574197437 574203806 574219821 574291036 574307412 574520721 574536087 574465556 574465603 574473574 574481661 574488298 574512578 574513342 574523046 574264445 574526001 574527153 574266394 574494809 572858360 574214499 573874669 574051757 574208527 574253441 574265687 574321831 574483210 574515159 574198079 574220452 574221958 574248781 574249553 574265175 574317826 574322821 574366526 574441050 574467301 574497639]
[2026-07-13 17:40:17] [/bin/sh]: I0713 17:40:17.736567      38 base_general_rank.go:131] [INFO]	requestId=716c00f1-6642-446c-94c0-f6bf4d6e7d75	module=general_rank	tag=rank_input	part=18/19	count=5442	item_ids=[574198319 574220398 574268664 574325442 574366224 574463974 574494653 574506540 574523531 574470646 574470655 574470901 574487404 574491181 574512987 574202685 574205144 574248979 574463812 574298230 574524626 574524439 574507650 574493013 574483248 574475758 574471159 573598490 574259969 574537658 574348606 574329205 574309606 574218045 574312499 574472420 574488077 574514157 574052861 574075271 574127045 574201173 574214580 574520376 574269608 574271437 574275107 574307881 574333835 574440920 574470905 574082900 574212520 574285275 574315145 574440851 574441312 574442112 574458925 574464783 574498332 574458923 574453823 573091984 574495561 574497070 574512243 574511232 574448496 574519196 574440089 574352830 574473137 574280598 574212288 573315052 574521476 574181263 574209466 574243269 574256778 574125203 574374716 574431436 574524108 574477029 574523198 574524972 574533041 574250763 574057662 574227432 574145980 574090330 574239135 573043281 574471685 574465344 574400751 574399051 574269785 574266586 574260752 574228587 574222864 574222183 574051882 574253683 574253737 574255606 574268533 574330972 574447723 574468196 574468357 574471094 574472444 574483549 574253991 574328151 574440179 574476343 573973235 574503640 574513542 574518472 574530463 574535676 574220538 574255786 574335768 574353254 574448669 574457510 574465582 574481050 574502741 574461199 574519345 574523961 574527237 574525819 574526791 574527229 574331430 574139362 574257256 574274107 574275611 574286283 574365691 574441254 574452965 573308674 574205767 574100346 574473199 574505536 574517990 572717273 574110720 574285591 574308729 574327915 574377960 574438826 574439188 574440766 574463586 574507940 574513941 574123895 574208058 574441004 574479297 574509515 574517022 574530152 574534946 574027776 574082792 574256884 574195942 574205680 574267411 574282321 574336184 574336186 574351099 574359804 574348218 574347798 574526229 574500186 574476462 574346481 574523404 574509291 574503408 574475123 574472375 574472161 574460416 574460312 574505864 572768826 574529098 574527496 574526949 574282594 574526583 574511448 574524239 574505051 574492325 574479386 574473502 574441194 574327719 574275566 574520367 574360642 574328224 574524228 574517982 574510268 574503108 574493545 574483436 574482564 574471426 574460177 574458292 574447338 574445245 574432391 574370883 574357831 574329141 574246701 574488896 574484297 574351443 574316328 574303526 574275313 574270190 574251647 574249889 574217514 574105313 574099157 574061220 574469672 574441610 574317594 574280099 574275026 574056716 574495953 574460462 574042653 574084557 574116477 574200908 574254492 574344868 574346865 574400733 574440574 574449550 574451026 574463283 574468450 574477285 574522990 574075180 574208190 574211662 574224279 574240922 574246244 574252886 574275577 574294696 574458393 574478517 574480868 574516949 574198104 574201448 574331244 574333278 574376386 574528776 574528620 574527661 574525560 574527100 574500208]
[2026-07-13 17:40:17] [/bin/sh]: I0713 17:40:17.736595      38 base_general_rank.go:131] [INFO]	requestId=716c00f1-6642-446c-94c0-f6bf4d6e7d75	module=general_rank	tag=rank_input	part=19/19	count=5442	item_ids=[574473256 574463375 574461939 574459962 574458674 574370187 574014644 574538013 574537802 574340977 574336919 574535606 574532881 574459861 574523909 574518337 573764423 574510934 574499503 574499455 574472722 574469334 574466244 574200068 574195810 574065045 574252392 574229548 574244274 574269804 574440190 574455181 574483488 574510445 574521988 572786042 573368734 574220459 574206312 574126370 574205977 574197785]

'18415689', '18431721', '18467837', '18866820', '18868616', '18998237', '19012721', '19044953', '19054423', '19101174', '19156722', '19222754', '19376570', '19394563', '19445301', '19451309', '19473014', '19508934', '19521921', '19522208', '19522280', '19619184', '19682908', '19716071', '19724380', '19740607', '19741461', '19836910', '19837205', '19876026', '19910957', '19915870', '19933282', '20030991', '20088720', '20097133', '20120299', '20198836', '20207216', '20209485', '20209687', '20226065', '20231960', '20261933', '20287551', '554110010', '554155725', '554179732', '554190849', '554373763', '554377813', '554380105', '554573393', '554725792', '554728744', '555079118', '555825235', '555954762', '555966668', '555971036', '555972551', '555992170', '556180422', '556187961', '556197448', '556206152', '556406363', '556569792', '556860543', '556924557', '557055630', '557064722', '557082274', '557205318', '557211048', '557292926', '557294057', '557516523', '558051693', '558055306', '558231505', '558234471', '558241435', '558242827', '558243313', '558246701', '558779309', '558781879', '558847180', '559100147', '559378815', '559389616', '559392075', '559661066', '559678125', '559718063', '559756896', '559926615', '559991971', '560227490', '560273350', '560300496', '560310904', '560809828', '561025665', '561357823', '561394547', '561583089', '561848506', '561858609', '562475672', '562490033', '562752625', '563609469', '563646177', '563656138', '563979331', '564006535', '564140833', '564219362', '564222985', '564774172', '564796080', '565001065', '565002348', '565005937', '565010596', '565352169', '565382534', '565639299', '565662072', '565691442', '565888870', '565899083', '565991309', '565993958', '566152422', '566202283', '566773216', '567082652', '567124162', '567130088', '567171491', '567400227', '567415342', '567455893', '567547734', '567753956', '568109724', '568123107', '569180830', '569208605', '569250825', '569451150', '569460581', '569524268', '569527702', '569757883', '569760172', '569783066', '569784656', '569791104', '569801383', '569996250', '570038804', '570041800', '570389559', '570738345', '570739427', '570740619', '570741805', '570744508', '570749357', '570751421', '570751618', '570789989', '570814126', '570826675', '570831913', '570837377', '570837581', '570968797', '570975282', '570977367', '570978344', '570980650', '570981547', '570982023', '570983731', '570985244', '570987272', '570988233', '571012143', '571036459', '571058799', '571075559', '571182843', '571216449', '571219536', '571220828', '571222935', '571224400', '571225749', '571227297', '571229601', '571230916', '571232728', '571234751', '571237464', '571240282', '571243128', '571250003', '571251704', '571269557', '571270958', '571272119', '571279061', '571280867', '571291150', '571307236', '571371253', '571371299', '571371850', '571379581', '571399785', '571400820', '571404959', '571453589', '571462689', '571463357', '571471933', '571472449', '571477029', '571483232', '571483978', '571485731', '571487927', '571488394', '571488941', '571490652', '571491041', '571491202', '571491470', '571507155', '571507296', '571507465', '571509682', '571510246', '571511660', '571511873', '571512989', '571514179', '571514442', '571514470', '571515659', '571519509', '571520892', '571521393', '571521619', '571526284', '571527955', '571529898', '571536097', '571536474', '571536580', '571537983', '571538580', '571545131', '571555080', '571556373', '571556415', '571556576', '571557952', '571557958', '571558477', '571558584', '571571971', '571572106', '571572271', '571572987', '571575637', '571576667', '571590132', '571600702', '571612616', '571625376', '571628730', '571640993', '571641083', '571699464', '571704520', '571704838', '571706240', '571707684', '571708739', '571708789', '571710030', '571710422', '571710934', '571714184', '571715230', '571715462', '571715564', '571716861', '571718919', '571719356', '571720479', '571721028', '571725677', '571725831', '571725866', '571729381', '571733455', '571749806', '571761252', '571767141', '571779911', '571785109', '571786712', '571789401', '571791041', '571793137', '571794092', '571797150', '571801082', '571809058', '571809231', '571809419', '571809732', '571810561', '571811646', '571827624', '571829511', '571837496', '571838862', '571839803', '571843929', '571845399', '571850835', '571851386', '571858335', '571864146', '571873619', '571878799', '571881078', '571898661', '571919604', '571930206', '571931091', '571941272', '571954902', '571955791', '571965210', '571966631', '571967554', '571968171', '571971374', '571975762', '571976304', '571981245', '571995508', '572005694', '572008876', '572029899', '572031985', '572035816', '572038738', '572048410', '572051065', '572051407', '572055390', '572057526', '572057960', '572062131', '572066381', '572088440', '572094066', '572097263', '572105044', '572105862', '572107962', '572113573', '572114046', '572114168', '572114261', '572119754', '572119794', '572133040', '572135945', '572137385', '572142382', '572143788', '572149973', '572150310', '572174973', '572178221', '572182002', '572196335', '572206976', '572214525', '572217105', '572220549', '572221543', '572223525', '572223578', '572225857', '572229064', '572229182', '572235063', '572237551', '572238257', '572239558', '572239772', '572254227', '572259369', '572261297', '572262289', '572264705', '572266327', '572267287', '572268292', '572268592', '572268738', '572270248', '572271127', '572271353', '572274528', '572275333', '572275659', '572275760', '572278345', '572281378', '572285817', '572291775', '572295616', '572297348', '572303496', '572306955', '572315225', '572320596', '572326066', '572327713', '572328574', '572337261', '572354863', '572357642', '572358241', '572362488', '572365763', '572365929', '572368228', '572372285', '572373371', '572377896', '572378101', '572382022', '572385042', '572395649', '572430190', '572435887', '572449170', '572453237', '572457328', '572457347', '572457748', '572458875', '572458913', '572459449', '572461168', '572461659', '572462257', '572462574', '572463672', '572463841', '572464823', '572465727', '572465843', '572466266', '572469599', '572471909', '572472587', '572473112', '572474924', '572474936', '572475178', '572475428', '572475733', '572477390', '572478345', '572479122', '572479817', '572481043', '572481185', '572483246', '572488010', '572489040', '572489096', '572491412', '572491673', '572494794', '572496444', '572496632', '572498912', '572500461', '572500690', '572501191', '572504435', '572504483', '572505359', '572505857', '572507373', '572507695', '572507923', '572508248', '572508993', '572509423', '572509661', '572509911', '572511584', '572511847', '572512570', '572513253', '572513447', '572515258', '572516968', '572518295', '572520231', '572522371', '572522404', '572522679', '572526103', '572528439', '572529980', '572530867', '572532164', '572533208', '572533469', '572533922', '572534145', '572536297', '572537572', '572540038', '572540240', '572543857', '572550007', '572553175', '572553706', '572553770', '572557519', '572560634', '572560901', '572561056', '572561267', '572562776', '572565144', '572565691', '572568105', '572568823', '572569331', '572571508', '572572703', '572573832', '572575335', '572575893', '572577788', '572581748', '572585429', '572585645', '572587555', '572590459', '572593650', '572595344', '572597739', '572599245', '572600472', '572600666', '572602092', '572602180', '572603778', '572604046', '572605088', '572605272', '572606646', '572607148', '572609054', '572612857', '572617590', '572619900', '572633021', '572635174', '572638550', '572655273', '572669352', '572671557', '572679223', '572679659', '572679871', '572679998', '572688058', '572691656', '572697619', '572700428', '572703769', '572705606', '572706625', '572706629', '572706765', '572707342', '572707794', '572707947', '572708055', '572708110', '572708387', '572708797', '572710307', '572710795', '572713247', '572713308', '572715326', '572716160', '572716208', '572717273', '572718336', '572718461', '572719007', '572720355', '572720444', '572720802', '572721269', '572721534', '572721621', '572721797', '572722843', '572723803', '572723849', '572724102', '572724352', '572725131', '572725231', '572725252', '572725466', '572725802', '572726821', '572727041', '572727368', '572729136', '572733244', '572742512', '572742758', '572743430', '572743937', '572745578', '572748375', '572748546', '572748853', '572749704', '572749758', '572750598', '572750886', '572751015', '572751560', '572751755', '572751795', '572751869', '572751971', '572752294', '572752802', '572752989', '572753093', '572753210', '572754034', '572754855', '572754902', '572755475', '572755510', '572755978', '572756351', '572756622', '572756723', '572758614', '572759147', '572759351', '572760867', '572762569', '572762662', '572764702', '572767703', '572768826', '572770043', '572772779', '572773367', '572773716', '572774094', '572774906', '572775482', '572775913', '572776964', '572777214', '572777617', '572778731', '572779621', '572779642', '572780876', '572781133', '572781296', '572781371', '572781949', '572784562', '572785212', '572785277', '572785816', '572786042', '572786291', '572786346', '572786599', '572787474', '572788369', '572788526', '572788557', '572788587', '572790176', '572790311', '572791614', '572791820', '572793159', '572793201', '572793639', '572794948', '572795826', '572795839', '572796185', '572801665', '572806671', '572808055', '572808973', '572814177', '572818444', '572818586', '572819079', '572826300', '572831157', '572835291', '572840000', '572841316', '572844135', '572845491', '572847980', '572850580', '572851576', '572851802', '572851936', '572853943', '572854427', '572855167', '572858246', '572858360', '572859546', '572860964', '572861446', '572874186', '572874947', '572877231', '572879954', '572893374', '572931281', '572957314', '572957423', '572958769', '572959348', '572964502', '572966908', '572968536', '572969937', '572970485', '572971104', '572972981', '572974867', '572974991', '572975092', '572977284', '572977572', '572977698', '572977935', '572979326', '572980508', '572981789', '572982748', '572982894', '572983458', '572983545', '572983569', '572986772', '572986991', '572987505', '572987617', '572987665', '572988947', '572989065', '572990261', '572992910', '572993447', '572994413', '572994745', '572996508', '572997869', '573017022', '573017275', '573017499', '573018234', '573019141', '573020065', '573020778', '573020987', '573024719', '573027530', '573027613', '573030084', '573030095', '573031384', '573032516', '573038739', '573038949', '573039238', '573041214', '573042705', '573043281', '573045592', '573046461', '573049191', '573051593', '573052849', '573054354', '573055846', '573056904', '573059840', '573060452', '573061503', '573062070', '573063757', '573064468', '573066100', '573069793', '573077671', '573078967', '573080020', '573081034', '573082710', '573083031', '573085082', '573089296', '573091984', '573094997', '573096503', '573098204', '573110457', '573111764', '573113371', '573119525', '573120029', '573123015', '573125680', '573126060', '573126961', '573127060', '573127241', '573128844', '573129084', '573132192', '573133263', '573135255', '573135826', '573138495', '573139548', '573140032', '573142509', '573144379', '573154483', '573158615', '573158624', '573167124', '573167870', '573168666', '573169017', '573171498', '573172258', '573172331', '573172380', '573172672', '573176369', '573200957', '573201387', '573227523', '573231532', '573238372', '573238693', '573241195', '573245658', '573247415', '573248928', '573250274'
'573251885', '573252557', '573254222', '573259774', '573267405', '573268087', '573269779', '573270749', '573270890', '573271222', '573272309', '573273506', '573276545', '573280455', '573280658', '573280726', '573281272', '573281767', '573282088', '573282804', '573283343', '573283901', '573286213', '573287305', '573288492', '573290240', '573290380', '573292094', '573293341', '573294171', '573294299', '573295785', '573295971', '573295992', '573298175', '573300857', '573301218', '573302440', '573308674', '573309109', '573309233', '573312682', '573315052', '573316610', '573317025', '573317985', '573319351', '573319552', '573330455', '573334500', '573334730', '573336340', '573340913', '573341002', '573341082', '573341171', '573343909', '573344725', '573345029', '573346410', '573347709', '573347802', '573348867', '573349321', '573352936', '573353039', '573353522', '573353644', '573355907', '573356049', '573356196', '573358722', '573359832', '573360450', '573361552', '573361997', '573362737', '573363942', '573365577', '573365820', '573368734', '573372801', '573374108', '573375914', '573376999', '573377048', '573378501', '573381157', '573381176', '573389750', '573393788', '573394652', '573396359', '573396469', '573402023', '573402498', '573402817', '573402887', '573403739', '573407294', '573410419', '573410420', '573411829', '573425534', '573428721', '573429474', '573430082', '573431984', '573432146', '573434088', '573436324', '573440369', '573442348', '573446631', '573450071', '573450866', '573451553', '573454889', '573457763', '573461449', '573462150', '573462585', '573464022', '573464289', '573466610', '573470827', '573471365', '573471369', '573471407', '573472504', '573473273', '573479788', '573480098', '573481433', '573481528', '573493500', '573495171', '573516550', '573552065', '573560509', '573561671', '573563559', '573591496', '573597133', '573598490', '573624281', '573633194', '573635717', '573646770', '573648185', '573652872', '573654356', '573656979', '573657755', '573661326', '573662128', '573664959', '573667876', '573670402', '573670745', '573671267', '573673487', '573676758', '573677066', '573678627', '573680438', '573681564', '573681641', '573682062', '573683645', '573684710', '573688137', '573688460', '573693030', '573695619', '573696619', '573698959', '573699530', '573700067', '573701585', '573702560', '573706012', '573707259', '573708134', '573708267', '573711088', '573712260', '573712262', '573713119', '573713419', '573713585', '573713947', '573714507', '573715176', '573716423', '573717966', '573718210', '573718630', '573719081', '573719160', '573721654', '573725133', '573725687', '573725912', '573725987', '573728416', '573728644', '573729980', '573734876', '573740696', '573740718', '573740994', '573741204', '573741532', '573744637', '573745421', '573745997', '573746615', '573749486', '573750346', '573750785', '573751731', '573753513', '573753654', '573755258', '573755762', '573756455', '573756632', '573757526', '573758182', '573758811', '573760015', '573760230', '573760488', '573760544', '573760819', '573760884', '573761190', '573761192', '573761701', '573761928', '573761937', '573762137', '573764050', '573764321', '573764423', '573764564', '573764588', '573765017', '573766051', '573766902', '573767270', '573767628', '573768154', '573768196', '573768538', '573768800', '573769006', '573769285', '573769855', '573770294', '573770753', '573771403', '573771709', '573774339', '573774489', '573774613', '573775044', '573775369', '573775452', '573776110', '573776254', '573776636', '573777104', '573777179', '573778065', '573779324', '573779987', '573782051', '573782401', '573782424', '573782616', '573782802', '573783964', '573784297', '573784420', '573784839', '573784975', '573785018', '573785273', '573786392', '573788539', '573790229', '573790612', '573792295', '573792976', '573795002', '573796486', '573798109', '573798697', '573798705', '573799164', '573799226', '573799486', '573800318', '573802346', '573802510', '573805780', '573805957', '573805997', '573806176', '573806253', '573806288', '573806429', '573806448', '573806500', '573806760', '573807491', '573807611', '573807616', '573807774', '573807944', '573808049', '573808258', '573808289', '573808328', '573808645', '573808858', '573808982', '573810425', '573810614', '573811225', '573812168', '573813167', '573813845', '573815358', '573815600', '573815854', '573816014', '573816462', '573817059', '573817106', '573818837', '573818856', '573820425', '573820672', '573821237', '573821676', '573821793', '573822524', '573824214', '573825062', '573826074', '573826076', '573826226', '573831783', '573832967', '573833506', '573834952', '573835579', '573836087', '573837134', '573840772', '573846261', '573848647', '573854965', '573863419', '573865749', '573870306', '573871080', '573871446', '573872805', '573874669', '573875594', '573875673', '573884305', '573896813', '573915518', '573923120', '573925626', '573928827', '573928925', '573930548', '573930987', '573933062', '573933507', '573933735', '573934563', '573938619', '573939780', '573939840', '573940670', '573940760', '573941096', '573941947', '573942893', '573943106', '573943631', '573944924', '573945465', '573948071', '573948198', '573948232', '573948458', '573948855', '573948856', '573953596', '573953722', '573953790', '573954593', '573955364', '573955416', '573957443', '573958289', '573959338', '573959595', '573959632', '573960507', '573960615', '573960683', '573961088', '573961350', '573961538', '573962198', '573962911', '573963261', '573963393', '573963730', '573964212', '573964523', '573964592', '573965094', '573965258', '573965336', '573966525', '573966586', '573968506', '573968730', '573969410', '573970653', '573971532', '573971571', '573972605', '573972753', '573972843', '573973235', '573973297', '573973562', '573973687', '573974154', '573974404', '573974936', '573974950', '573975228', '573975535', '573975769', '573976792', '573977882', '573978004', '573978048', '573978305', '573978462', '573978547', '573978767', '573978889', '573979250', '573979413', '573979456', '573979522', '573979791', '573979886', '573979909', '573980023', '573981023', '573982419', '573984168', '573984673', '573985045', '573987771', '573988260', '573989710', '573990273', '573990795', '573991371', '573992446', '573992803', '573993061', '573993985', '573994416', '573996682', '573996711', '573996836', '573997144', '573998377', '573999286', '574000762', '574000992', '574002086', '574003617', '574004373', '574004830', '574005086', '574005113', '574005302', '574005527', '574006215', '574006312', '574006697', '574007031', '574007118', '574007301', '574007357', '574007566', '574008414', '574011321', '574011686', '574011716', '574011892', '574012756', '574012808', '574013153', '574013653', '574014644', '574015170', '574015444', '574015661', '574016058', '574016603', '574017253', '574017668', '574017955', '574018061', '574019176', '574020653', '574020687', '574020690', '574020914', '574021230', '574022652', '574022763', '574022845', '574022950', '574023491', '574023709', '574024276', '574024386', '574024694', '574024717', '574024914', '574025029', '574025037', '574025053', '574025483', '574025784', '574026177', '574026561', '574026691', '574026709', '574026997', '574027228', '574027377', '574027393', '574027776', '574028454', '574029012', '574029305', '574029326', '574029776', '574030416', '574030789', '574031277', '574031491', '574032481', '574032768', '574032890', '574033331', '574033385', '574034179', '574034570', '574034596', '574034835', '574034919', '574035157', '574035492', '574035866', '574036024', '574036160', '574036167', '574036268', '574036733', '574036840', '574036890', '574037153', '574037203', '574037860', '574038042', '574038077', '574038089', '574038552', '574038559', '574038809', '574038818', '574038947', '574039893', '574041126', '574041478', '574041566', '574041715', '574041761', '574041933', '574041968', '574041981', '574042031', '574042189', '574042191', '574042218', '574042403', '574042454', '574042653', '574042659', '574042789', '574042815', '574043072', '574043467', '574043476', '574043578', '574043709', '574044035', '574044880', '574044943', '574045381', '574045449', '574045602', '574045612', '574045810', '574045826', '574045925', '574046317', '574046588', '574046724', '574046755', '574046978', '574047106', '574047644', '574047689', '574047726', '574047831', '574047877', '574048096', '574048202', '574048247', '574048398', '574048461', '574048695', '574049030', '574049106', '574049233', '574049877', '574050204', '574050747', '574051538', '574051757', '574051851', '574051882', '574051947', '574052220', '574052236', '574052571', '574052818', '574052858', '574052861', '574053003', '574053060', '574053186', '574053526', '574053812', '574055195', '574055276', '574055543', '574056087', '574056471', '574056487', '574056597', '574056716', '574056947', '574057086', '574057160', '574057344', '574057516', '574057654', '574057662', '574057688', '574058052', '574058312', '574058349', '574058744', '574058798', '574059090', '574059415', '574059459', '574060543', '574060842', '574061099', '574061220', '574061634', '574062792', '574063003', '574063197', '574063384', '574063692', '574064315', '574064775', '574064876', '574065045', '574065154', '574065438', '574065695', '574066700', '574067000', '574067009', '574068555', '574069112', '574070259', '574070340', '574071058', '574071252', '574071728', '574071918', '574072745', '574073378', '574073383', '574073557', '574073719', '574074165', '574074327', '574074739', '574074980', '574075121', '574075180', '574075271', '574075308', '574075378', '574075555', '574075862', '574075933', '574076032', '574076777', '574077073', '574077384', '574077389', '574077537', '574077786', '574078229', '574078402', '574078805', '574079198', '574079534', '574079803', '574079860', '574079993', '574080039', '574080064', '574080115', '574080377', '574080511', '574080607', '574080615', '574080864', '574080876', '574081045', '574081270', '574081377', '574081411', '574081535', '574081544', '574081678', '574082001', '574082062', '574082106', '574082397', '574082555', '574082610', '574082711', '574082792', '574082800', '574082900', '574083062', '574083154', '574083191', '574083221', '574083222', '574083356', '574083544', '574083557', '574084130', '574084484', '574084487', '574084557', '574085103', '574085240', '574085526', '574085692', '574085722', '574085994', '574086429', '574086434', '574086562', '574086581', '574086709', '574086848', '574086894', '574086986', '574087450', '574087500', '574087566', '574087592', '574087745', '574087850', '574087960', '574087983', '574088015', '574088277', '574088397', '574088402', '574088743', '574088794', '574088839', '574088930', '574088948', '574089029', '574089070', '574089162', '574089214', '574089396', '574089450', '574089535', '574089547', '574089559', '574089567', '574089589', '574089650', '574089913', '574089945', '574089990', '574090097', '574090305', '574090330', '574090519', '574090698', '574090809', '574091011', '574091385', '574091548', '574091722', '574091791', '574091843', '574091951', '574091968', '574091973', '574091996', '574092032', '574092403', '574092459', '574092664', '574092772', '574092809', '574093235', '574093700', '574093767', '574093859', '574094112', '574094676', '574094951', '574095071', '574095100', '574095151', '574095385', '574095427', '574096282', '574096484', '574096620', '574096765', '574097067', '574097292', '574097456', '574097764', '574097808', '574097877', '574097936', '574098181', '574098446', '574098471', '574098531', '574098576', '574099153', '574099157', '574099185', '574099366', '574099459', '574099839'
'574099924', '574100080', '574100130', '574100205', '574100215', '574100321', '574100346', '574100494', '574100541', '574100546', '574100747', '574100784', '574100900', '574101063', '574101186', '574101237', '574101244', '574101270', '574101351', '574101366', '574101375', '574101441', '574101451', '574101484', '574101540', '574101545', '574101559', '574101566', '574101730', '574101742', '574101780', '574101903', '574102086', '574102138', '574102142', '574102168', '574102189', '574102256', '574102334', '574102338', '574102369', '574102424', '574102433', '574102472', '574102515', '574102559', '574102599', '574102631', '574102675', '574102683', '574102687', '574102728', '574102776', '574102821', '574102859', '574103011', '574103044', '574103101', '574103246', '574103287', '574103345', '574103492', '574103510', '574103515', '574103654', '574103686', '574104029', '574104146', '574104284', '574104291', '574104439', '574104528', '574105292', '574105313', '574105447', '574105511', '574105748', '574105812', '574105934', '574105983', '574106081', '574106123', '574106181', '574106636', '574106670', '574106701', '574106773', '574106813', '574107070', '574107111', '574107286', '574107308', '574107390', '574107421', '574107523', '574107634', '574107873', '574108121', '574108199', '574108204', '574108226', '574108346', '574108367', '574108484', '574108492', '574108498', '574108602', '574108627', '574108630', '574108785', '574109121', '574109221', '574109461', '574109495', '574109591', '574109718', '574109824', '574109948', '574110009', '574110184', '574110690', '574110720', '574110756', '574110838', '574110903', '574110967', '574110995', '574111103', '574111130', '574111175', '574111278', '574111329', '574111351', '574111553', '574111577', '574111646', '574111667', '574111678', '574111702', '574111707', '574111725', '574111839', '574111848', '574111866', '574111908', '574111925', '574111958', '574112086', '574112161', '574112184', '574112204', '574112265', '574112325', '574112355', '574112382', '574112416', '574112484', '574112540', '574112671', '574112683', '574112732', '574112741', '574112771', '574112942', '574113021', '574113094', '574113230', '574113260', '574113410', '574113436', '574113703', '574113866', '574113878', '574113968', '574113976', '574114062', '574114100', '574114146', '574114193', '574114250', '574114334', '574114409', '574114470', '574114584', '574114647', '574115080', '574115191', '574115303', '574115306', '574115457', '574115634', '574115696', '574115722', '574115776', '574115865', '574115873', '574116094', '574116152', '574116477', '574116479', '574116548', '574116736', '574116795', '574116896', '574116903', '574117216', '574117234', '574117299', '574118089', '574118236', '574118317', '574118460', '574118513', '574118768', '574118796', '574118808', '574118861', '574118993', '574119132', '574119388', '574119389', '574119551', '574119572', '574119598', '574119662', '574119696', '574119761', '574119815', '574119906', '574119929', '574120009', '574120117', '574120266', '574120386', '574120453', '574120469', '574120708', '574120824', '574120894', '574120942', '574120958', '574121207', '574121243', '574121449', '574121540', '574121716', '574121885', '574121887', '574122078', '574122098', '574122282', '574122329', '574122412', '574122455', '574123456', '574123895', '574124002', '574124241', '574124541', '574125170', '574125203', '574125300', '574125676', '574126099', '574126370', '574126497', '574126596', '574127037', '574127045', '574127124', '574127855', '574128501', '574128835', '574129740', '574130259', '574130263', '574130477', '574131078', '574131133', '574131233', '574131461', '574131488', '574133084', '574133518', '574134279', '574134309', '574134690', '574134755', '574135135', '574135155', '574135339', '574135689', '574136389', '574136923', '574136981', '574137239', '574137399', '574137569', '574138009', '574138605', '574138712', '574139005', '574139192', '574139362', '574140666', '574140898', '574141144', '574141714', '574141715', '574142209', '574143771', '574145289', '574145524', '574145980', '574146987', '574147176', '574147221', '574147304', '574148287', '574148386', '574148539', '574149342', '574150274', '574150531', '574151422', '574154003', '574156420', '574160085', '574160414', '574160436', '574160834', '574161440', '574161910', '574161931', '574162591', '574162733', '574163342', '574163548', '574165179', '574168565', '574169892', '574170442', '574171566', '574173073', '574173325', '574174775', '574174955', '574175116', '574176242', '574176876', '574177324', '574177729', '574178474', '574178575', '574179429', '574179598', '574180239', '574181263', '574181559', '574182269', '574182539', '574182924', '574183542', '574183653', '574183876', '574184202', '574184204', '574184218', '574184480', '574184525', '574184607', '574184775', '574184960', '574184975', '574184978', '574185115', '574185136', '574185157', '574185162', '574185178', '574185180', '574185192', '574185283', '574185311', '574185371', '574185535', '574186406', '574186830', '574187267', '574188437', '574188465', '574188894', '574189793', '574190209', '574190679', '574190689', '574190717', '574190830', '574190832', '574190956', '574191034', '574191096', '574191152', '574191251', '574191257', '574191338', '574191494', '574191536', '574191742', '574191763', '574191778', '574191788', '574191797', '574191806', '574191849', '574191984', '574192201', '574192417', '574192717', '574193165', '574193820', '574194031', '574194324', '574194713', '574194743', '574195027', '574195088', '574195388', '574195478', '574195557', '574195810', '574195925', '574195942', '574196044', '574196202', '574196245', '574196431', '574196507', '574196686', '574197035', '574197217', '574197303', '574197437', '574197584', '574197586', '574197638', '574197742', '574197761', '574197785', '574197919', '574198079', '574198104', '574198141', '574198287', '574198319', '574198434', '574198598', '574198732', '574198779', '574198852', '574199110', '574199121', '574199229', '574199272', '574199708', '574199791', '574200004', '574200068', '574200255', '574200702', '574200908', '574200933', '574201081', '574201173', '574201329', '574201408', '574201448', '574201466', '574201580', '574202253', '574202632', '574202685', '574202769', '574202831', '574202906', '574203054', '574203141', '574203226', '574203259', '574203289', '574203456', '574203806', '574203847', '574204286', '574204296', '574204402', '574204619', '574204625', '574204678', '574204722', '574204777', '574204806', '574204851', '574204853', '574204932', '574204977', '574205010', '574205144', '574205197', '574205237', '574205487', '574205499', '574205571', '574205654', '574205680', '574205696', '574205767', '574205779', '574205823', '574205864', '574205881', '574205977', '574205980', '574206019', '574206026', '574206312', '574206606', '574206826', '574206937', '574207006', '574207170', '574207291', '574207454', '574207680', '574207709', '574207912', '574207953', '574208038', '574208058', '574208187', '574208190', '574208299', '574208354', '574208409', '574208515', '574208519', '574208527', '574208665', '574208740', '574209177', '574209369', '574209466', '574209494', '574209830', '574209842', '574209905', '574210011', '574210103', '574210183', '574210391', '574210476', '574210526', '574210580', '574210584', '574210630', '574210697', '574210775', '574210854', '574210926', '574211004', '574211045', '574211067', '574211076', '574211197', '574211201', '574211215', '574211218', '574211275', '574211292', '574211347', '574211545', '574211571', '574211583', '574211615', '574211662', '574211684', '574211781', '574211798', '574212069', '574212201', '574212270', '574212274', '574212288', '574212361', '574212473', '574212520', '574212521', '574212543', '574212569', '574212574', '574212582', '574212610', '574212743', '574212747', '574212769', '574212770', '574212772', '574213133', '574213271', '574213542', '574213647', '574213783', '574214103', '574214465', '574214486', '574214499', '574214509', '574214574', '574214580', '574214652', '574214666', '574214873', '574215296', '574215390', '574215505', '574215634', '574215912', '574216064', '574216110', '574216215', '574216220', '574216249', '574216374', '574216395', '574216439', '574216606', '574216731', '574216975', '574217043', '574217062', '574217066', '574217240', '574217287', '574217432', '574217450', '574217514', '574217846', '574217963', '574218045', '574218058', '574218096', '574218305', '574218323', '574218334', '574218382', '574218387', '574218388', '574218414', '574218460', '574218492', '574218678', '574218775', '574218779', '574218807', '574218886', '574218903', '574218999', '574219025', '574219102', '574219136', '574219145', '574219242', '574219295', '574219382', '574219417', '574219449', '574219467', '574219500', '574219539', '574219543', '574219668', '574219693', '574219821', '574219949', '574220009', '574220074', '574220191', '574220201', '574220247', '574220249', '574220253', '574220316', '574220398', '574220452', '574220459', '574220479', '574220538', '574220633', '574220649', '574220683', '574220694', '574220732', '574220758', '574220844', '574220973', '574221180', '574221349', '574221406', '574221419', '574221668', '574221698', '574221958', '574221962', '574222183', '574222210', '574222289', '574222338', '574222831', '574222860', '574222864', '574222922', '574223090', '574223425', '574223461', '574223605', '574223945', '574223993', '574224252', '574224279', '574224411', '574224469', '574224520', '574224672', '574224793', '574224913', '574224923', '574224948', '574225032', '574225043', '574225366', '574225471', '574225688', '574225744', '574225938', '574226001', '574226188', '574226362', '574226736', '574226892', '574227058', '574227195', '574227212', '574227242', '574227432', '574227438', '574227507', '574227514', '574227630', '574227754', '574227803', '574227847', '574227929', '574227977', '574228004', '574228022', '574228089', '574228166', '574228176', '574228209', '574228276', '574228409', '574228564', '574228570', '574228587', '574228890', '574228897', '574229259', '574229548', '574229636', '574229701', '574229888', '574230252', '574230445', '574230470', '574230514', '574230515', '574230908', '574231368', '574231922', '574232071', '574232375', '574232863', '574232904', '574233212', '574233670', '574233681', '574233996', '574234109', '574234225', '574234352', '574234572', '574234682', '574234829', '574235228', '574235336', '574236322', '574236417', '574236541', '574236808', '574236909', '574236949', '574237015', '574237104', '574237306', '574237592', '574237972', '574238260', '574238270', '574238381', '574238758', '574238847', '574238962', '574239135', '574239702', '574239935', '574240019', '574240102', '574240417', '574240419', '574240734', '574240744', '574240897', '574240922', '574240974', '574241124', '574241260', '574241276', '574241407', '574241521', '574241607', '574241690', '574241789', '574242014', '574242017', '574242045', '574242050', '574242080', '574242256', '574242469', '574242605', '574242652', '574242695', '574242889', '574242980', '574243140', '574243198', '574243269', '574243310', '574243348', '574243766', '574243937', '574244118', '574244271', '574244274', '574244666', '574244743', '574244769', '574244908', '574245077', '574245251', '574245282', '574245612', '574245686', '574245903', '574245941', '574245969', '574246024', '574246244', '574246322', '574246347', '574246624', '574246674', '574246676', '574246684', '574246701', '574246735', '574246860', '574246881', '574246909', '574246931', '574246997', '574247139', '574247238', '574247254', '574247276', '574247288', '574247557', '574247694', '574247798', '574247995'
'574248025', '574248057', '574248279', '574248534', '574248536', '574248547', '574248563', '574248595', '574248596', '574248684', '574248722', '574248746', '574248773', '574248781', '574248919', '574248930', '574248931', '574248969', '574248979', '574249067', '574249222', '574249287', '574249350', '574249379', '574249390', '574249553', '574249565', '574249569', '574249584', '574249615', '574249637', '574249651', '574249679', '574249701', '574249709', '574249746', '574249794', '574249798', '574249805', '574249819', '574249822', '574249829', '574249841', '574249889', '574249939', '574250008', '574250025', '574250028', '574250038', '574250039', '574250049', '574250063', '574250067', '574250111', '574250175', '574250215', '574250271', '574250313', '574250319', '574250323', '574250367', '574250445', '574250470', '574250661', '574250688', '574250763', '574250970', '574251125', '574251182', '574251284', '574251406', '574251496', '574251630', '574251647', '574251779', '574251789', '574251868', '574251939', '574251945', '574251987', '574252024', '574252299', '574252384', '574252392', '574252431', '574252435', '574252480', '574252567', '574252686', '574252791', '574252886', '574252929', '574252957', '574253130', '574253349', '574253387', '574253441', '574253480', '574253560', '574253683', '574253737', '574253744', '574253804', '574253861', '574253991', '574254061', '574254133', '574254354', '574254379', '574254476', '574254492', '574254583', '574254675', '574254751', '574254848', '574254898', '574255001', '574255032', '574255065', '574255173', '574255270', '574255553', '574255559', '574255606', '574255679', '574255730', '574255731', '574255738', '574255747', '574255786', '574255797', '574255903', '574255996', '574256078', '574256174', '574256246', '574256289', '574256437', '574256440', '574256449', '574256455', '574256548', '574256552', '574256556', '574256658', '574256761', '574256778', '574256804', '574256808', '574256824', '574256843', '574256853', '574256884', '574256889', '574256893', '574256926', '574256949', '574256983', '574256989', '574257031', '574257212', '574257243', '574257256', '574257272', '574257286', '574257361', '574257423', '574257465', '574257477', '574257482', '574257529', '574257588', '574257596', '574257632', '574257688', '574257703', '574257805', '574257874', '574257883', '574257907', '574257966', '574257972', '574258092', '574258126', '574258162', '574258259', '574258424', '574258542', '574258646', '574258678', '574258859', '574258926', '574259163', '574259209', '574259266', '574259275', '574259302', '574259350', '574259431', '574259566', '574259694', '574259716', '574259725', '574259772', '574259801', '574259825', '574259853', '574259861', '574259908', '574259915', '574259969', '574260015', '574260276', '574260322', '574260387', '574260474', '574260521', '574260538', '574260605', '574260624', '574260716', '574260752', '574260785', '574260815', '574260947', '574261301', '574261345', '574261361', '574261442', '574261483', '574261547', '574261599', '574261633', '574261679', '574261753', '574261859', '574261917', '574261933', '574261980', '574262295', '574262536', '574262647', '574262672', '574262865', '574262913', '574262955', '574263138', '574263221', '574263344', '574263428', '574263461', '574263542', '574263574', '574263701', '574263728', '574263803', '574263805', '574263904', '574264086', '574264210', '574264330', '574264445', '574264562', '574264582', '574264750', '574264804', '574264838', '574264995', '574265105', '574265131', '574265174', '574265175', '574265182', '574265183', '574265236', '574265251', '574265257', '574265345', '574265379', '574265398', '574265432', '574265485', '574265500', '574265531', '574265566', '574265670', '574265687', '574265693', '574265721', '574265728', '574265775', '574265850', '574265933', '574265937', '574265961', '574265973', '574266041', '574266094', '574266209', '574266219', '574266394', '574266449', '574266495', '574266505', '574266553', '574266586', '574266825', '574266849', '574267021', '574267104', '574267142', '574267207', '574267279', '574267362', '574267375', '574267394', '574267411', '574267434', '574267530', '574267554', '574267613', '574267707', '574267749', '574267899', '574267979', '574268039', '574268080', '574268138', '574268185', '574268533', '574268569', '574268630', '574268664', '574268704', '574268729', '574268825', '574268930', '574268992', '574269215', '574269327', '574269591', '574269608', '574269683', '574269785', '574269804', '574269899', '574269908', '574269938', '574270054', '574270171', '574270190', '574270471', '574270522', '574270765', '574270855', '574270889', '574271121', '574271232', '574271248', '574271293', '574271365', '574271437', '574271488', '574271498', '574271563', '574271574', '574271720', '574271744', '574271781', '574271816', '574271821', '574271988', '574272081', '574272307', '574272329', '574272377', '574272440', '574272575', '574272601', '574272725', '574272824', '574272827', '574272837', '574273066', '574273129', '574273171', '574273559', '574273657', '574273666', '574273765', '574273807', '574274041', '574274107', '574274192', '574274243', '574274353', '574274507', '574274597', '574274607', '574274612', '574274621', '574274648', '574274728', '574274732', '574274733', '574274742', '574274759', '574274793', '574274800', '574274958', '574274978', '574275000', '574275026', '574275045', '574275107', '574275135', '574275225', '574275258', '574275280', '574275285', '574275294', '574275313', '574275332', '574275433', '574275445', '574275485', '574275542', '574275566', '574275577', '574275588', '574275611', '574275754', '574275765', '574275786', '574275900', '574275926', '574275932', '574275956', '574275972', '574276106', '574276203', '574276342', '574276573', '574276582', '574276622', '574276640', '574276721', '574276876', '574276894', '574276997', '574277070', '574277115', '574277290', '574277478', '574277923', '574277932', '574278078', '574278131', '574278527', '574278549', '574278972', '574279072', '574279099', '574279149', '574279319', '574279553', '574279563', '574279943', '574279953', '574279977', '574280099', '574280413', '574280538', '574280598', '574280690', '574280693', '574280770', '574281070', '574281179', '574281197', '574281277', '574281433', '574281479', '574281586', '574281697', '574281734', '574282271', '574282308', '574282312', '574282321', '574282369', '574282464', '574282517', '574282554', '574282594', '574282757', '574282764', '574282845', '574283168', '574283466', '574283977', '574284123', '574284309', '574284335', '574284485', '574284632', '574284902', '574284926', '574285186', '574285275', '574285591', '574285600', '574285615', '574285675', '574285929', '574285957', '574286283', '574286434', '574286463', '574286474', '574286545', '574286725', '574287457', '574287531', '574287796', '574287956', '574287961', '574288283', '574288396', '574288635', '574288878', '574289006', '574289278', '574289504', '574289586', '574289730', '574289837', '574289855', '574289876', '574290258', '574290712', '574290892', '574290960', '574291036', '574291052', '574293114', '574293771', '574293835', '574294289', '574294696', '574294957', '574294977', '574295023', '574295371', '574295860', '574296551', '574296577', '574297423', '574298230', '574298370', '574299134', '574299291', '574300186', '574300252', '574300387', '574301185', '574301911', '574302378', '574302582', '574302666', '574302768', '574302814', '574302926', '574303140', '574303370', '574303526', '574303749', '574304080', '574304233', '574304356', '574304464', '574304692', '574305036', '574305058', '574305110', '574305195', '574305333', '574305436', '574305488', '574306416', '574306737', '574306821', '574307210', '574307285', '574307412', '574307881', '574308554', '574308729', '574309364', '574309369', '574309393', '574309399', '574309482', '574309606', '574310288', '574311655', '574312211', '574312385', '574312499', '574312852', '574312927', '574313270', '574313296', '574313577', '574313658', '574313776', '574314398', '574314431', '574314605', '574314700', '574314802', '574314860', '574315004', '574315145', '574315327', '574315737', '574315975', '574315998', '574316240', '574316328', '574316484', '574316602', '574316661', '574316835', '574316866', '574316899', '574316935', '574317105', '574317201', '574317292', '574317473', '574317594', '574317706', '574317826', '574317871', '574317920', '574317934', '574317935', '574317986', '574318011', '574318017', '574318123', '574318326', '574318494', '574318536', '574318563', '574318576', '574318581', '574318644', '574318706', '574318764', '574318818', '574318955', '574318969', '574318977', '574319091', '574319106', '574319213', '574319323', '574319373', '574319741', '574319936', '574320737', '574320790', '574320794', '574321066', '574321260', '574321369', '574321746', '574321831', '574321852', '574322139', '574322162', '574322449', '574322529', '574322821', '574323109', '574323680', '574323717', '574323956', '574324412', '574324694', '574325012', '574325184', '574325187', '574325219', '574325239', '574325294', '574325442', '574325649', '574325688', '574326031', '574326075', '574326076', '574326136', '574326224', '574326280', '574326523', '574326537', '574326975', '574327011', '574327155', '574327201', '574327352', '574327515', '574327562', '574327579', '574327619', '574327642', '574327653', '574327711', '574327719', '574327768', '574327787', '574327885', '574327906', '574327915', '574328016', '574328072', '574328100', '574328134', '574328151', '574328204', '574328224', '574328281', '574328299', '574328522', '574328523', '574328678', '574328683', '574328825', '574328862', '574328894', '574328961', '574329085', '574329141', '574329205', '574329313', '574329314', '574329615', '574329645', '574330078', '574330193', '574330469', '574330618', '574330796', '574330972', '574331008', '574331016', '574331028', '574331112', '574331145', '574331152', '574331244', '574331256', '574331270', '574331314', '574331355', '574331430', '574331524', '574331557', '574331580', '574331740', '574331773', '574331811', '574331843', '574331865', '574331870', '574331938', '574332037', '574332064', '574332374', '574332480', '574332857', '574332866', '574332921', '574333029', '574333034', '574333278', '574333318', '574333353', '574333548', '574333603', '574333691', '574333719', '574333808', '574333810', '574333835', '574333843', '574333882', '574333929', '574334064', '574334148', '574334254', '574334363', '574334406', '574334515', '574334584', '574334694', '574334977', '574334981', '574335053', '574335252', '574335256', '574335293', '574335378', '574335643', '574335768', '574335911', '574336029', '574336036', '574336184', '574336186', '574336329', '574336671', '574336919', '574337464', '574337506', '574337607', '574337619', '574337638', '574337664', '574337919', '574338036', '574338126', '574338503', '574338697', '574338831', '574339126', '574339247', '574339598', '574339645', '574339688', '574340205', '574340222', '574340252', '574340433', '574340482', '574340592', '574340735', '574340743', '574340817', '574340874', '574340977', '574341035', '574341245', '574341589', '574341607', '574341828', '574341986', '574342113', '574342213', '574342343', '574342353', '574342462', '574342479', '574342884', '574342913', '574342986', '574342997', '574343179', '574343247', '574343250', '574343977', '574343979', '574344042', '574344183', '574344506', '574344520', '574344601', '574344740', '574344868', '574344952', '574345035', '574345045', '574345104', '574345111', '574345167', '574345203', '574345321', '574345516', '574345543', '574345609', '574345643', '574345644', '574345699', '574345935', '574345952', '574346136', '574346235'
'574346277', '574346370', '574346438', '574346472', '574346481', '574346545', '574346608', '574346770', '574346865', '574346922', '574347032', '574347420', '574347435', '574347798', '574347818', '574347823', '574347869', '574347952', '574347959', '574347974', '574348218', '574348249', '574348282', '574348409', '574348606', '574348694', '574348711', '574348724', '574348766', '574348787', '574348800', '574348806', '574348879', '574348977', '574348988', '574349047', '574349161', '574349268', '574349399', '574349430', '574349444', '574349503', '574349563', '574349565', '574349731', '574349793', '574349864', '574350022', '574350078', '574350090', '574350140', '574350727', '574350747', '574350822', '574351035', '574351099', '574351255', '574351334', '574351439', '574351443', '574351452', '574351624', '574351704', '574351744', '574352012', '574352043', '574352431', '574352830', '574352858', '574353034', '574353164', '574353194', '574353211', '574353254', '574353279', '574353397', '574353455', '574353653', '574353751', '574353932', '574353969', '574354173', '574354230', '574354305', '574354475', '574354529', '574354637', '574355262', '574355418', '574355577', '574355594', '574355645', '574355697', '574355857', '574355956', '574356114', '574356197', '574356301', '574356470', '574356563', '574356603', '574356796', '574356882', '574357143', '574357220', '574357294', '574357444', '574357831', '574357907', '574358179', '574358249', '574358350', '574358494', '574358633', '574358708', '574358849', '574358878', '574358881', '574358936', '574358989', '574359034', '574359120', '574359188', '574359197', '574359307', '574359431', '574359804', '574359951', '574360078', '574360271', '574360329', '574360438', '574360642', '574360728', '574360791', '574360816', '574360897', '574361157', '574361186', '574361278', '574361343', '574361524', '574361570', '574361639', '574361671', '574361742', '574362029', '574362096', '574362336', '574362498', '574362758', '574362779', '574362961', '574363016', '574363043', '574363183', '574363235', '574363431', '574363639', '574363749', '574364297', '574364565', '574364570', '574364612', '574364826', '574364879', '574364949', '574364971', '574364979', '574365070', '574365087', '574365133', '574365176', '574365182', '574365219', '574365347', '574365382', '574365599', '574365691', '574365713', '574365845', '574365850', '574365896', '574365917', '574366008', '574366025', '574366065', '574366083', '574366115', '574366195', '574366224', '574366348', '574366418', '574366526', '574366527', '574366633', '574366644', '574366714', '574366760', '574366813', '574366824', '574366933', '574366944', '574366969', '574366985', '574367004', '574367128', '574367213', '574367221', '574367287', '574367387', '574367426', '574367590', '574367599', '574367653', '574367677', '574367717', '574367725', '574367792', '574367803', '574367972', '574368093', '574368159', '574368180', '574368241', '574368247', '574368252', '574368465', '574368496', '574368756', '574368890', '574368892', '574369039', '574369098', '574369190', '574369253', '574369357', '574369369', '574369588', '574370187', '574370197', '574370535', '574370541', '574370883', '574371548', '574371748', '574371919', '574372091', '574372349', '574372499', '574372684', '574372743', '574372834', '574373020', '574373186', '574373407', '574373503', '574373713', '574374033', '574374066', '574374533', '574374602', '574374716', '574374866', '574374988', '574375433', '574375710', '574375791', '574375971', '574376198', '574376204', '574376312', '574376386', '574376443', '574376465', '574376566', '574376688', '574376746', '574376884', '574376990', '574377093', '574377253', '574377289', '574377290', '574377499', '574377872', '574377960', '574378175', '574378916', '574379651', '574379826', '574379903', '574380083', '574380214', '574380488', '574380543', '574381253', '574381367', '574382934', '574383236', '574383497', '574385728', '574386126', '574386189', '574386269', '574386651', '574387070', '574387467', '574387638', '574388033', '574389609', '574389893', '574390029', '574390111', '574390406', '574390799', '574391140', '574391812', '574393489', '574393564', '574399051', '574399501', '574399834', '574400491', '574400500', '574400629', '574400656', '574400733', '574400751', '574404707', '574404872', '574405872', '574407618', '574414652', '574415221', '574415395', '574418518', '574418764', '574419228', '574420274', '574420329', '574420906', '574421565', '574421857', '574422017', '574422683', '574423220', '574423544', '574424105', '574424272', '574424434', '574424751', '574424859', '574425034', '574425063', '574425141', '574425277', '574425554', '574425604', '574425619', '574425643', '574426246', '574426270', '574426351', '574426655', '574426714', '574426980', '574427096', '574427329', '574427540', '574428425', '574428908', '574429027', '574430377', '574430724', '574431004', '574431436', '574431506', '574431660', '574431752', '574432094', '574432391', '574432486', '574432727', '574432887', '574433193', '574433201', '574433321', '574433554', '574433556', '574433578', '574433816', '574434153', '574435096', '574435167', '574435580', '574435782', '574435926', '574436443', '574436784', '574436884', '574437363', '574437641', '574437730', '574438189', '574438251', '574438770', '574438826', '574439188', '574439822', '574439994', '574440014', '574440015', '574440089', '574440114', '574440157', '574440173', '574440179', '574440181', '574440190', '574440249', '574440254', '574440333', '574440373', '574440378', '574440437', '574440454', '574440461', '574440464', '574440495', '574440574', '574440637', '574440678', '574440754', '574440766', '574440817', '574440837', '574440851', '574440892', '574440920', '574440932', '574441004', '574441050', '574441078', '574441194', '574441254', '574441284', '574441309', '574441312', '574441343', '574441522', '574441610', '574441794', '574442038', '574442112', '574442119', '574442256', '574442258', '574442362', '574442500', '574442605', '574442662', '574442695', '574442910', '574442921', '574442975', '574443200', '574443436', '574443518', '574443698', '574443795', '574444044', '574444052', '574444174', '574444310', '574444490', '574444526', '574444660', '574444681', '574444822', '574444880', '574444987', '574445133', '574445245', '574445330', '574445416', '574445496', '574445832', '574446051', '574446179', '574446494', '574446617', '574446907', '574446976', '574447046', '574447313', '574447338', '574447423', '574447506', '574447613', '574447723', '574447903', '574448022', '574448093', '574448249', '574448496', '574448532', '574448575', '574448669', '574448778', '574448836', '574448899', '574448929', '574449112', '574449493', '574449550', '574449601', '574449731', '574450111', '574450250', '574450339', '574450413', '574450580', '574451011', '574451026', '574451259', '574451382', '574451623', '574451738', '574451801', '574451812', '574451962', '574451964', '574452402', '574452439', '574452804', '574452828', '574452898', '574452965', '574452967', '574453045', '574453097', '574453340', '574453523', '574453823', '574453963', '574454176', '574454185', '574454378', '574454681', '574454702', '574454762', '574454783', '574454837', '574455181', '574455321', '574455352', '574455453', '574455586', '574456049', '574456112', '574456184', '574456300', '574456391', '574456513', '574456578', '574456581', '574456585', '574456709', '574456816', '574456888', '574457006', '574457043', '574457255', '574457300', '574457331', '574457508', '574457510', '574457562', '574457622', '574457627', '574457713', '574457808', '574457853', '574457924', '574458010', '574458050', '574458102', '574458292', '574458334', '574458393', '574458570', '574458592', '574458624', '574458674', '574458817', '574458910', '574458923', '574458925', '574458945', '574458980', '574459036', '574459138', '574459141', '574459235', '574459313', '574459423', '574459532', '574459558', '574459830', '574459861', '574459962', '574459971', '574460060', '574460128', '574460177', '574460200', '574460204', '574460311', '574460312', '574460368', '574460416', '574460440', '574460443', '574460446', '574460462', '574460494', '574460566', '574460647', '574460830', '574460912', '574460998', '574461164', '574461188', '574461199', '574461305', '574461331', '574461487', '574461854', '574461939', '574462013', '574462128', '574462392', '574462521', '574462730', '574462768', '574462773', '574462800', '574462822', '574463034', '574463055', '574463164', '574463197', '574463283', '574463336', '574463375', '574463422', '574463453', '574463507', '574463514', '574463531', '574463586', '574463611', '574463689', '574463749', '574463812', '574463962', '574463974', '574464000', '574464198', '574464244', '574464253', '574464390', '574464408', '574464410', '574464556', '574464593', '574464700', '574464743', '574464769', '574464783', '574464890', '574464928', '574464966', '574465034', '574465037', '574465110', '574465114', '574465139', '574465190', '574465331', '574465344', '574465464', '574465488', '574465544', '574465556', '574465582', '574465599', '574465603', '574465639', '574465656', '574465684', '574465704', '574465709', '574465720', '574465792', '574465801', '574465807', '574465851', '574465887', '574465968', '574466025', '574466044', '574466112', '574466179', '574466244', '574466261', '574466274', '574466453', '574466581', '574466636', '574466814', '574466826', '574466938', '574466966', '574467207', '574467229', '574467301', '574467395', '574467412', '574467468', '574467487', '574467521', '574467559', '574467583', '574467640', '574467662', '574467694', '574467698', '574467704', '574467841', '574467897', '574467936', '574467961', '574468024', '574468074', '574468114', '574468147', '574468167', '574468196', '574468325', '574468357', '574468379', '574468416', '574468450', '574468525', '574468575', '574468619', '574468649', '574468658', '574468690', '574468706', '574468765', '574468857', '574468873', '574468969', '574468980', '574468991', '574468997', '574469019', '574469047', '574469116', '574469119', '574469146', '574469236', '574469272', '574469298', '574469334', '574469392', '574469590', '574469672', '574469678', '574469737', '574469775', '574469808', '574469979', '574470030', '574470089', '574470171', '574470256', '574470306', '574470369', '574470382', '574470386', '574470389', '574470443', '574470496', '574470531', '574470646', '574470655', '574470901', '574470905', '574470919', '574470934', '574471040', '574471094', '574471122', '574471124', '574471143', '574471159', '574471202', '574471222', '574471313', '574471383', '574471397', '574471426', '574471436', '574471459', '574471475', '574471503', '574471567', '574471594', '574471618', '574471620', '574471648', '574471685', '574471845', '574471876', '574471967', '574472035', '574472161', '574472272', '574472281', '574472369', '574472375', '574472385', '574472420', '574472425', '574472444', '574472505', '574472542', '574472551', '574472575', '574472582', '574472627', '574472722', '574472765', '574472797', '574473101', '574473137', '574473138', '574473199', '574473237', '574473256', '574473502', '574473565', '574473568', '574473574', '574473700', '574473784', '574473982', '574474049', '574474071', '574474124', '574474151', '574474546', '574474577', '574474743', '574474797', '574475004', '574475011', '574475123', '574475352', '574475386', '574475402', '574475528', '574475560', '574475758', '574475852', '574475874', '574476054', '574476192', '574476215', '574476314', '574476343', '574476347', '574476462', '574476573', '574476618', '574476722', '574476765', '574476774', '574477029', '574477128', '574477150', '574477285', '574477408', '574477441', '574477487', '574477613'
'574477638', '574477832', '574477938', '574478141', '574478173', '574478280', '574478390', '574478415', '574478476', '574478517', '574478530', '574478560', '574478563', '574478606', '574478673', '574478724', '574478773', '574478829', '574478958', '574479109', '574479137', '574479241', '574479247', '574479297', '574479337', '574479386', '574479458', '574479603', '574479682', '574479891', '574480039', '574480139', '574480142', '574480172', '574480374', '574480413', '574480505', '574480610', '574480701', '574480817', '574480868', '574480920', '574480937', '574481050', '574481077', '574481134', '574481229', '574481294', '574481317', '574481343', '574481379', '574481449', '574481520', '574481532', '574481606', '574481637', '574481661', '574481731', '574481756', '574481773', '574481831', '574481856', '574481859', '574481887', '574481902', '574481916', '574481938', '574481961', '574482018', '574482055', '574482084', '574482131', '574482177', '574482180', '574482184', '574482223', '574482267', '574482277', '574482390', '574482432', '574482564', '574482583', '574482612', '574482642', '574482681', '574482702', '574482776', '574482785', '574482860', '574482975', '574483080', '574483117', '574483204', '574483210', '574483247', '574483248', '574483264', '574483339', '574483359', '574483434', '574483436', '574483460', '574483488', '574483549', '574483586', '574483707', '574483710', '574483720', '574484140', '574484145', '574484163', '574484256', '574484297', '574484312', '574484343', '574484369', '574484404', '574484517', '574484556', '574484575', '574484604', '574484635', '574484730', '574485001', '574485121', '574485138', '574485309', '574485706', '574486196', '574486260', '574486710', '574487186', '574487404', '574488077', '574488105', '574488219', '574488298', '574488319', '574488342', '574488431', '574488568', '574488896', '574488998', '574489362', '574489794', '574489901', '574490434', '574490640', '574490820', '574491073', '574491181', '574491280', '574491376', '574491869', '574492106', '574492297', '574492325', '574492412', '574492438', '574492810', '574492976', '574493013', '574493092', '574493407', '574493416', '574493485', '574493545', '574493568', '574493578', '574493644', '574493664', '574493863', '574494264', '574494320', '574494550', '574494588', '574494653', '574494734', '574494809', '574494970', '574495267', '574495421', '574495561', '574495567', '574495581', '574495811', '574495849', '574495852', '574495891', '574495898', '574495953', '574495980', '574496090', '574496172', '574496575', '574496680', '574496732', '574496784', '574497070', '574497099', '574497357', '574497596', '574497625', '574497639', '574497772', '574497785', '574498033', '574498051', '574498088', '574498116', '574498125', '574498150', '574498332', '574498377', '574498401', '574498515', '574498525', '574498586', '574498589', '574498606', '574498750', '574498774', '574498813', '574499009', '574499030', '574499056', '574499233', '574499455', '574499503', '574499560', '574499584', '574499620', '574499679', '574499873', '574499969', '574500186', '574500208', '574500531', '574500710', '574500735', '574500772', '574500866', '574500980', '574501180', '574501230', '574501354', '574501477', '574501536', '574501795', '574501919', '574501992', '574502027', '574502159', '574502228', '574502379', '574502456', '574502741', '574502750', '574502823', '574502839', '574502937', '574502942', '574502966', '574503066', '574503108', '574503205', '574503359', '574503393', '574503408', '574503640', '574503747', '574504148', '574504152', '574504212', '574504214', '574504477', '574504507', '574504576', '574504634', '574504868', '574504976', '574505051', '574505082', '574505142', '574505221', '574505257', '574505281', '574505359', '574505513', '574505530', '574505534', '574505536', '574505682', '574505706', '574505818', '574505827', '574505864', '574505903', '574506097', '574506133', '574506222', '574506311', '574506342', '574506499', '574506540', '574506603', '574506613', '574506616', '574506838', '574507014', '574507078', '574507095', '574507098', '574507174', '574507245', '574507416', '574507421', '574507428', '574507509', '574507518', '574507553', '574507650', '574507667', '574507940', '574508031', '574508073', '574508181', '574508231', '574508274', '574508404', '574508441', '574508469', '574508470', '574508547', '574508801', '574508834', '574508851', '574509160', '574509291', '574509416', '574509515', '574509570', '574509639', '574509649', '574509685', '574509740', '574509993', '574510181', '574510268', '574510435', '574510445', '574510451', '574510481', '574510679', '574510749', '574510758', '574510779', '574510934', '574510946', '574511046', '574511051', '574511183', '574511232', '574511279', '574511448', '574511458', '574511504', '574511542', '574511579', '574511621', '574511776', '574511916', '574512020', '574512157', '574512243', '574512263', '574512264', '574512292', '574512348', '574512425', '574512541', '574512578', '574512694', '574512700', '574512800', '574512820', '574512848', '574512987', '574513103', '574513323', '574513339', '574513342', '574513409', '574513542', '574513588', '574513745', '574513826', '574513941', '574514017', '574514117', '574514157', '574514170', '574514192', '574514269', '574514463', '574514504', '574514594', '574514686', '574514693', '574514739', '574514828', '574514829', '574515159', '574515191', '574515487', '574515543', '574515758', '574515842', '574515904', '574515919', '574516289', '574516404', '574516472', '574516616', '574516631', '574516683', '574516746', '574516851', '574516858', '574516931', '574516949', '574517022', '574517044', '574517145', '574517158', '574517277', '574517278', '574517360', '574517493', '574517539', '574517550', '574517947', '574517982', '574517990', '574518065', '574518190', '574518330', '574518337', '574518472', '574518668', '574518727', '574518752', '574518788', '574518936', '574519196', '574519345', '574519468', '574519480', '574519728', '574519772', '574519829', '574519845', '574519970', '574519989', '574520158', '574520219', '574520342', '574520367', '574520376', '574520405', '574520421', '574520461', '574520578', '574520594', '574520605', '574520668', '574520721', '574520739', '574520861', '574520871', '574521170', '574521174', '574521264', '574521476', '574521631', '574521724', '574521753', '574521809', '574521988', '574522102', '574522184', '574522326', '574522353', '574522369', '574522409', '574522467', '574522488', '574522517', '574522523', '574522583', '574522600', '574522694', '574522712', '574522760', '574522782', '574522846', '574522848', '574522855', '574522873', '574522941', '574522990', '574522996', '574523004', '574523006', '574523037', '574523046', '574523051', '574523064', '574523077', '574523123', '574523158', '574523167', '574523177', '574523191', '574523198', '574523307', '574523311', '574523404', '574523412', '574523507', '574523531', '574523594', '574523624', '574523626', '574523665', '574523742', '574523780', '574523797', '574523817', '574523877', '574523895', '574523909', '574523927', '574523961', '574523988', '574524005', '574524011', '574524016', '574524057', '574524101', '574524108', '574524139', '574524162', '574524181', '574524228', '574524232', '574524239', '574524275', '574524298', '574524357', '574524439', '574524461', '574524542', '574524546', '574524626', '574524633', '574524662', '574524690', '574524695', '574524697', '574524706', '574524812', '574524834', '574524897', '574524903', '574524904', '574524945', '574524972', '574524976', '574525001', '574525011', '574525129', '574525204', '574525223', '574525225', '574525228', '574525271', '574525290', '574525371', '574525380', '574525434', '574525437', '574525491', '574525524', '574525535', '574525557', '574525560', '574525576', '574525579', '574525582', '574525585', '574525589', '574525624', '574525628', '574525683', '574525685', '574525690', '574525819', '574525891', '574525912', '574525932', '574525947', '574525972', '574526001', '574526052', '574526104', '574526129', '574526195', '574526229', '574526266', '574526296', '574526367', '574526465', '574526469', '574526505', '574526539', '574526583', '574526647', '574526758', '574526791', '574526923', '574526949', '574526977', '574526991', '574526992', '574527100', '574527114', '574527130', '574527144', '574527153', '574527195', '574527213', '574527229', '574527237', '574527285', '574527309', '574527454', '574527482', '574527496', '574527530', '574527573', '574527661', '574527666', '574527673', '574527685', '574527686', '574527699', '574527726', '574527743', '574527747', '574527762', '574527766', '574527783', '574527784', '574527801', '574527812', '574527818', '574527823', '574527868', '574527950', '574528029', '574528031', '574528040', '574528076', '574528153', '574528170', '574528200', '574528216', '574528287', '574528345', '574528400', '574528490', '574528620', '574528776', '574528886', '574528909', '574529030', '574529098', '574529262', '574529264', '574529517', '574529800', '574529824', '574529954', '574530004', '574530093', '574530128', '574530152', '574530208', '574530231', '574530234', '574530272', '574530463', '574530693', '574530783', '574530787', '574530837', '574530984', '574531066', '574531083', '574531214', '574531307', '574531310', '574531314', '574531420', '574531512', '574531617', '574531626', '574531640', '574531705', '574531793', '574531891', '574531907', '574532123', '574532158', '574532273', '574532299', '574532322', '574532434', '574532457', '574532650', '574532670', '574532719', '574532722', '574532730', '574532749', '574532813', '574532881', '574533041', '574533206', '574533255', '574533372', '574533425', '574533430', '574533445', '574533543', '574533670', '574533904', '574533962', '574534134', '574534191', '574534363', '574534484', '574534743', '574534946', '574534993', '574535302', '574535331', '574535339', '574535532', '574535606', '574535676', '574535765', '574535788', '574535807', '574535868', '574536003', '574536087', '574536285', '574536319', '574536326', '574536540', '574536587', '574536760', '574536797', '574536837', '574536844', '574536872', '574536874', '574536889', '574536937', '574537053', '574537103', '574537119', '574537126', '574537159', '574537236', '574537246', '574537379', '574537446', '574537550', '574537658', '574537666', '574537802', '574537888', '574537920', '574538013', '574538131', '574538233', '574538236', '574538254', '574538297', '574538493', '574538505', '574538528', '574538591', '574538594', '574538629', '574538736', '574538785', '574538804', '574538973', '574538980', '574538983', '574539005', '574539119', '574539149', '574539218', '574539310', '574539371', '574539397', '574539445', '574539489', '574539556', '574539557', '574539612', '574539652', '574539823', '574539834', '574539985', '574540063', '574540092', '574540137', '574540216', '574540302', '574540332', '574540346', '574540390', '574540455', '574540485', '574540487', '574540511', '574540764', '574540833', '574540871', '574540896', '574540922', '574540948', '574540960', '574541035', '574541057', '574541137', '574541291', '574541326', '574541352', '574541359', '574541525', '574541553', '574541625', '574541629', '574541734', '574541745', '574541779', '574541790', '574541802', '574541899', '574541946', '574542241', '574542323', '574542362', '574542453', '574542512', '574542574', '574542868', '574542942', '574542957', '574543028', '574543093', '574543219', '574543231', '574543281', '574543289', '574543404', '574543470', '574543472', '574543540', '574543775', '574543925', '574543935', '574544031', '574544095', '574544139', '574544178', '574544207', '574544257', '574544358', '574544483', '574544715', '574544788', '574544971'
'574545142', '574545296', '574545333', '574545390', '574545392', '574545431', '574545496', '574545518', '574545540', '574545545', '574545643', '574545713', '574545774', '574545791', '574545886', '574546016', '574546056', '574546183', '574546186', '574546242', '574546261', '574546263', '574546274', '574546297', '574546304', '574546349', '574546446', '574546453', '574546457', '574546459', '574546466', '574546474', '574546518', '574546520', '574546526', '574546550', '574546620', '574546660', '574546663', '574546689', '574546722', '574546723'
